-- phpMyAdmin SQL Dump
-- version 4.6.6
-- https://www.phpmyadmin.net/
--
-- Host: db
-- Generation Time: 2017 年 5 月 21 日 14:48
-- サーバのバージョン： 5.7.17
-- PHP Version: 7.0.15

SET SQL_MODE = "NO_AUTO_VALUE_ON_ZERO";
SET time_zone = "+00:00";


/*!40101 SET @OLD_CHARACTER_SET_CLIENT=@@CHARACTER_SET_CLIENT */;
/*!40101 SET @OLD_CHARACTER_SET_RESULTS=@@CHARACTER_SET_RESULTS */;
/*!40101 SET @OLD_COLLATION_CONNECTION=@@COLLATION_CONNECTION */;
/*!40101 SET NAMES utf8mb4 */;

--
-- Database: `docker`
--

-- --------------------------------------------------------

--
-- テーブルの構造 `auth_group`
--

DROP TABLE IF EXISTS `auth_group`;
CREATE TABLE `auth_group` (
  `id` int(11) NOT NULL,
  `name` varchar(80) COLLATE utf8_unicode_ci NOT NULL
) ENGINE=InnoDB DEFAULT CHARSET=utf8 COLLATE=utf8_unicode_ci;

--
-- テーブルのデータのダンプ `auth_group`
--

INSERT INTO `auth_group` (`id`, `name`) VALUES
(2, 'guest'),
(1, 'organizer'),
(3, 'reception');

-- --------------------------------------------------------

--
-- テーブルの構造 `auth_group_permissions`
--

DROP TABLE IF EXISTS `auth_group_permissions`;
CREATE TABLE `auth_group_permissions` (
  `id` int(11) NOT NULL,
  `group_id` int(11) NOT NULL,
  `permission_id` int(11) NOT NULL
) ENGINE=InnoDB DEFAULT CHARSET=utf8 COLLATE=utf8_unicode_ci;

--
-- テーブルのデータのダンプ `auth_group_permissions`
--

INSERT INTO `auth_group_permissions` (`id`, `group_id`, `permission_id`) VALUES
(1, 1, 1),
(2, 1, 2),
(3, 1, 3),
(4, 1, 4),
(5, 1, 5),
(6, 1, 6),
(7, 1, 7),
(8, 1, 8),
(9, 1, 9),
(10, 1, 10),
(11, 1, 11),
(12, 1, 12),
(13, 1, 13),
(14, 1, 14),
(15, 1, 15),
(16, 1, 28),
(17, 1, 29),
(18, 1, 30),
(19, 2, 13),
(20, 2, 14),
(21, 3, 7),
(22, 3, 8),
(23, 3, 9),
(24, 3, 13),
(25, 3, 14),
(26, 3, 15);

-- --------------------------------------------------------

--
-- テーブルの構造 `auth_permission`
--

DROP TABLE IF EXISTS `auth_permission`;
CREATE TABLE `auth_permission` (
  `id` int(11) NOT NULL,
  `name` varchar(255) COLLATE utf8_unicode_ci NOT NULL,
  `content_type_id` int(11) NOT NULL,
  `codename` varchar(100) COLLATE utf8_unicode_ci NOT NULL
) ENGINE=InnoDB DEFAULT CHARSET=utf8 COLLATE=utf8_unicode_ci;

--
-- テーブルのデータのダンプ `auth_permission`
--

INSERT INTO `auth_permission` (`id`, `name`, `content_type_id`, `codename`) VALUES
(1, 'Can add gr', 1, 'add_gr'),
(2, 'Can change gr', 1, 'change_gr'),
(3, 'Can delete gr', 1, 'delete_gr'),
(4, 'Can add comp', 2, 'add_comp'),
(5, 'Can change comp', 2, 'change_comp'),
(6, 'Can delete comp', 2, 'delete_comp'),
(7, 'Can add event status', 3, 'add_eventstatus'),
(8, 'Can change event status', 3, 'change_eventstatus'),
(9, 'Can delete event status', 3, 'delete_eventstatus'),
(10, 'Can add event', 4, 'add_event'),
(11, 'Can change event', 4, 'change_event'),
(12, 'Can delete event', 4, 'delete_event'),
(13, 'Can add entry', 5, 'add_entry'),
(14, 'Can change entry', 5, 'change_entry'),
(15, 'Can delete entry', 5, 'delete_entry'),
(16, 'Can add log entry', 6, 'add_logentry'),
(17, 'Can change log entry', 6, 'change_logentry'),
(18, 'Can delete log entry', 6, 'delete_logentry'),
(19, 'Can add user', 7, 'add_user'),
(20, 'Can change user', 7, 'change_user'),
(21, 'Can delete user', 7, 'delete_user'),
(22, 'Can add permission', 8, 'add_permission'),
(23, 'Can change permission', 8, 'change_permission'),
(24, 'Can delete permission', 8, 'delete_permission'),
(25, 'Can add group', 9, 'add_group'),
(26, 'Can change group', 9, 'change_group'),
(27, 'Can delete group', 9, 'delete_group'),
(28, 'Can add content type', 10, 'add_contenttype'),
(29, 'Can change content type', 10, 'change_contenttype'),
(30, 'Can delete content type', 10, 'delete_contenttype'),
(31, 'Can add session', 11, 'add_session'),
(32, 'Can change session', 11, 'change_session'),
(33, 'Can delete session', 11, 'delete_session');

-- --------------------------------------------------------

--
-- テーブルの構造 `auth_user`
--

DROP TABLE IF EXISTS `auth_user`;
CREATE TABLE `auth_user` (
  `id` int(11) NOT NULL,
  `password` varchar(128) COLLATE utf8_unicode_ci NOT NULL,
  `last_login` datetime(6) DEFAULT NULL,
  `is_superuser` tinyint(1) NOT NULL,
  `username` varchar(150) COLLATE utf8_unicode_ci NOT NULL,
  `first_name` varchar(30) COLLATE utf8_unicode_ci NOT NULL,
  `last_name` varchar(30) COLLATE utf8_unicode_ci NOT NULL,
  `email` varchar(254) COLLATE utf8_unicode_ci NOT NULL,
  `is_staff` tinyint(1) NOT NULL,
  `is_active` tinyint(1) NOT NULL,
  `date_joined` datetime(6) NOT NULL
) ENGINE=InnoDB DEFAULT CHARSET=utf8 COLLATE=utf8_unicode_ci;

--
-- テーブルのデータのダンプ `auth_user`
--

INSERT INTO `auth_user` (`id`, `password`, `last_login`, `is_superuser`, `username`, `first_name`, `last_name`, `email`, `is_staff`, `is_active`, `date_joined`) VALUES
(1, 'pbkdf2_sha256$30000$pUvChvBnJ0Vq$SMdR6pfIXJ7LpKF4v2+QH/vgjF5oFe34dc+L18bk4Fw=', '2017-05-21 10:01:33.935381', 1, 'root', '', '', 'cardinal.system@tafdata.com', 1, 1, '2017-05-09 08:37:16.000000'),
(2, 'pbkdf2_sha256$30000$zW9bxuj9SbaD$SQLHu6jPPMs9gKAMd2zHvFL5Cp9DQsZbxyE9CoUPfLE=', '2017-05-09 14:01:32.948010', 0, 'Guest', '', '', '', 0, 1, '2017-05-09 09:13:28.000000'),
(3, 'pbkdf2_sha256$30000$Zs4vGGxNIPdV$n4ZtUQJsEFnlHTsPMes+T924OV6POzjd0M6GHoXvwfM=', '2017-05-18 08:56:01.469266', 0, 'GuestiPad', '', '', '', 0, 1, '2017-05-18 08:55:22.000000');

-- --------------------------------------------------------

--
-- テーブルの構造 `auth_user_groups`
--

DROP TABLE IF EXISTS `auth_user_groups`;
CREATE TABLE `auth_user_groups` (
  `id` int(11) NOT NULL,
  `user_id` int(11) NOT NULL,
  `group_id` int(11) NOT NULL
) ENGINE=InnoDB DEFAULT CHARSET=utf8 COLLATE=utf8_unicode_ci;

--
-- テーブルのデータのダンプ `auth_user_groups`
--

INSERT INTO `auth_user_groups` (`id`, `user_id`, `group_id`) VALUES
(1, 1, 1),
(3, 1, 3),
(2, 2, 2),
(4, 3, 2);

-- --------------------------------------------------------

--
-- テーブルの構造 `auth_user_user_permissions`
--

DROP TABLE IF EXISTS `auth_user_user_permissions`;
CREATE TABLE `auth_user_user_permissions` (
  `id` int(11) NOT NULL,
  `user_id` int(11) NOT NULL,
  `permission_id` int(11) NOT NULL
) ENGINE=InnoDB DEFAULT CHARSET=utf8 COLLATE=utf8_unicode_ci;

-- --------------------------------------------------------

--
-- テーブルの構造 `competitions_comp`
--

DROP TABLE IF EXISTS `competitions_comp`;
CREATE TABLE `competitions_comp` (
  `code` varchar(16) COLLATE utf8_unicode_ci NOT NULL,
  `name` varchar(512) COLLATE utf8_unicode_ci NOT NULL,
  `place` varchar(256) COLLATE utf8_unicode_ci NOT NULL,
  `place_code` varchar(16) COLLATE utf8_unicode_ci NOT NULL,
  `date` date NOT NULL,
  `sponsor` varchar(512) COLLATE utf8_unicode_ci NOT NULL,
  `organizer` varchar(512) COLLATE utf8_unicode_ci NOT NULL,
  `status` varchar(16) COLLATE utf8_unicode_ci NOT NULL,
  `created` datetime(6) NOT NULL,
  `modified` datetime(6) NOT NULL
) ENGINE=InnoDB DEFAULT CHARSET=utf8 COLLATE=utf8_unicode_ci;

--
-- テーブルのデータのダンプ `competitions_comp`
--

INSERT INTO `competitions_comp` (`code`, `name`, `place`, `place_code`, `date`, `sponsor`, `organizer`, `status`, `created`, `modified`) VALUES
('1234', '名阪戦', '服部緑地陸上競技場', '0999', '2017-05-27', '大阪大学,名古屋大学', '大阪大学陸上競技部', 'Entry', '2017-05-09 08:38:28.667100', '2017-05-09 08:38:28.667149'),
('17692101', '第71回 大阪大学・名古屋大学対校陸上競技大会', '服部緑地陸上競技場', '273090', '2017-05-27', '名古屋大学、大阪大学', '大阪大学', 'Entry', '2017-05-19 23:32:52.652961', '2017-05-19 23:32:52.652999');

-- --------------------------------------------------------

--
-- テーブルの構造 `competitions_event`
--

DROP TABLE IF EXISTS `competitions_event`;
CREATE TABLE `competitions_event` (
  `id` int(11) NOT NULL,
  `name` varchar(256) COLLATE utf8_unicode_ci NOT NULL,
  `short` varchar(256) COLLATE utf8_unicode_ci NOT NULL,
  `sex` varchar(1) COLLATE utf8_unicode_ci NOT NULL,
  `order` varchar(4) COLLATE utf8_unicode_ci NOT NULL,
  `separator_1` varchar(4) COLLATE utf8_unicode_ci NOT NULL,
  `separator_2` varchar(4) COLLATE utf8_unicode_ci NOT NULL,
  `separator_3` varchar(4) COLLATE utf8_unicode_ci NOT NULL,
  `created` datetime(6) NOT NULL,
  `modified` datetime(6) NOT NULL,
  `program_type` varchar(8) COLLATE utf8_unicode_ci NOT NULL,
  `wind` tinyint(1) NOT NULL,
  `start_list_priority` int(11) NOT NULL
) ENGINE=InnoDB DEFAULT CHARSET=utf8 COLLATE=utf8_unicode_ci;

--
-- テーブルのデータのダンプ `competitions_event`
--

INSERT INTO `competitions_event` (`id`, `name`, `short`, `sex`, `order`, `separator_1`, `separator_2`, `separator_3`, `created`, `modified`, `program_type`, `wind`, `start_list_priority`) VALUES
(1, '100m', '', 'M', 'ASC', '', '\"', '', '2017-05-09 08:38:54.689029', '2017-05-20 02:55:06.526278', 'Track8', 1, 1),
(2, '100m', '', 'W', 'ASC', '', '\"', '', '2017-05-09 08:39:05.517343', '2017-05-21 09:42:45.452000', 'Track8', 1, 1),
(3, '走幅跳', 'LJ', 'M', 'DESC', '', 'm', '', '2017-05-09 08:39:25.572095', '2017-05-21 09:38:08.140947', 'LJTJ', 1, 13),
(4, '走幅跳', 'LJ', 'W', 'DESC', '', 'm', '', '2017-05-09 08:39:46.431153', '2017-05-21 09:45:45.065422', 'LJTJ', 1, 13),
(5, '200m', '', 'M', 'ASC', '', '\"', '', '2017-05-09 08:40:04.265075', '2017-05-20 03:02:17.228362', 'TrackN', 1, 2),
(6, '200m', '', 'W', 'ASC', '', '\"', '', '2017-05-09 08:40:13.255403', '2017-05-21 09:42:53.290460', 'Track8', 1, 2),
(7, '走高跳', 'HJ', 'M', 'ASC', '', 'm', '', '2017-05-14 07:57:22.166773', '2017-05-21 09:41:07.277152', 'HJPV', 1, 11),
(8, '棒高跳', 'PV', 'M', 'ASC', '', 'm', '', '2017-05-14 07:57:35.620065', '2017-05-21 09:41:16.796661', 'HJPV', 1, 12),
(9, '三段跳', 'TJ', 'M', 'ASC', '', 'm', '', '2017-05-14 07:57:55.007223', '2017-05-21 09:41:25.711147', 'LJTJ', 1, 14),
(10, 'やり投', 'JT', 'M', 'ASC', '', 'm', '', '2017-05-14 07:58:11.642650', '2017-05-21 09:42:19.412320', 'Throw', 0, 18),
(11, '円盤投', 'DT', 'M', 'ASC', '', 'm', '', '2017-05-14 07:58:26.110385', '2017-05-21 09:41:42.287609', 'Throw', 0, 16),
(12, 'ハンマー投', 'HT', 'M', 'ASC', '', 'm', '', '2017-05-14 07:58:52.240596', '2017-05-21 09:42:04.407012', 'Throw', 0, 17),
(13, '砲丸投', 'SP', 'M', 'ASC', '', 'm', '', '2017-05-14 07:59:12.699071', '2017-05-21 09:41:32.114445', 'Throw', 1, 15),
(14, '400m', '', 'M', 'ASC', '', '\"', '', '2017-05-19 23:33:48.023546', '2017-05-19 23:33:48.023601', 'Track8', 1, 3),
(15, '400m', '', 'W', 'ASC', '\'', '\"', '', '2017-05-19 23:34:15.518755', '2017-05-21 09:42:58.716251', 'Track8', 1, 3),
(16, '800m', '', 'M', 'ASC', '\'', '\"', '', '2017-05-19 23:34:36.916188', '2017-05-19 23:34:36.916255', 'Track8', 1, 4),
(17, '800m', '', 'W', 'ASC', '\'', '\"', '', '2017-05-19 23:34:59.698441', '2017-05-21 09:43:08.792887', 'Track8', 1, 4),
(18, '1500m', '', 'M', 'ASC', '\'', '\"', '', '2017-05-19 23:35:20.113346', '2017-05-19 23:35:20.113428', 'Track8', 1, 5),
(19, '1500m', '', 'W', 'ASC', '\'', '\"', '', '2017-05-19 23:35:38.481113', '2017-05-21 09:43:19.188931', 'Track8', 1, 5),
(20, '5000m', '', 'M', 'ASC', '\'', '\"', '', '2017-05-19 23:36:02.039629', '2017-05-19 23:36:02.039686', 'Track8', 1, 6),
(21, '5000m', '', 'W', 'ASC', '\'', '\"', '', '2017-05-19 23:36:23.567539', '2017-05-21 09:45:08.089893', 'TrackN', 1, 6),
(22, '3000m', '', 'W', 'ASC', '\'', '\"', '', '2017-05-19 23:36:41.126235', '2017-05-21 09:43:38.395801', 'TrackN', 1, 6),
(23, '110mH', '', 'M', 'ASC', '', '\"', '', '2017-05-19 23:37:06.094834', '2017-05-21 09:40:47.164285', 'Track8', 1, 7),
(24, '100mH', '', 'W', 'ASC', '', '\"', '', '2017-05-19 23:37:27.513079', '2017-05-21 09:44:50.964655', 'Track8', 1, 7),
(25, '400mH', '', 'M', 'ASC', '\'', '\"', '', '2017-05-19 23:37:49.681886', '2017-05-21 09:40:52.424641', 'Track8', 1, 8),
(26, '400mH', '', 'W', 'ASC', '\'', '\"', '', '2017-05-19 23:38:08.961690', '2017-05-21 09:44:31.753060', 'Track8', 1, 8),
(27, '5000mW', '', 'M', 'ASC', '\'', '\"', '', '2017-05-19 23:38:51.953307', '2017-05-21 09:40:58.530388', 'TrackN', 1, 9),
(28, '5000mW', '', 'W', 'ASC', '\'', '\"', '', '2017-05-19 23:39:13.624738', '2017-05-21 09:45:27.260114', 'TrackN', 1, 9),
(29, '走高跳', 'HJ', 'W', 'ASC', '', 'm', '', '2017-05-19 23:40:09.243582', '2017-05-21 09:45:36.880624', 'HJPV', 1, 11),
(30, '砲丸投', 'SP', 'W', 'ASC', '', 'm', '', '2017-05-19 23:41:18.444442', '2017-05-21 09:45:52.216618', 'Throw', 0, 15),
(31, '円盤投', '', 'W', 'ASC', '', 'm', '', '2017-05-19 23:41:42.304297', '2017-05-21 09:46:14.553619', 'Throw', 0, 16),
(32, 'ハンマー投', 'HT', 'W', 'ASC', '', 'm', '', '2017-05-19 23:42:10.215452', '2017-05-21 09:46:25.541993', 'Throw', 0, 17),
(33, 'やり投', 'JT', 'W', 'ASC', '', 'm', '', '2017-05-19 23:42:36.313894', '2017-05-21 09:46:31.730152', 'Throw', 0, 18);

-- --------------------------------------------------------

--
-- テーブルの構造 `competitions_eventstatus`
--

DROP TABLE IF EXISTS `competitions_eventstatus`;
CREATE TABLE `competitions_eventstatus` (
  `id` int(11) NOT NULL,
  `status` varchar(16) COLLATE utf8_unicode_ci NOT NULL,
  `section` varchar(4) COLLATE utf8_unicode_ci NOT NULL,
  `match_round` varchar(64) COLLATE utf8_unicode_ci NOT NULL,
  `created` datetime(6) NOT NULL,
  `modified` datetime(6) NOT NULL,
  `comp_id` varchar(16) COLLATE utf8_unicode_ci NOT NULL,
  `event_id` int(11) NOT NULL,
  `start_list` tinyint(1) NOT NULL,
  `start_list_2` tinyint(1) NOT NULL,
  `start_list_priority` int(11) NOT NULL
) ENGINE=InnoDB DEFAULT CHARSET=utf8 COLLATE=utf8_unicode_ci;

--
-- テーブルのデータのダンプ `competitions_eventstatus`
--

INSERT INTO `competitions_eventstatus` (`id`, `status`, `section`, `match_round`, `created`, `modified`, `comp_id`, `event_id`, `start_list`, `start_list_2`, `start_list_priority`) VALUES
(1, 'Entry', 'OP', 'Final', '2017-05-09 08:40:34.530819', '2017-05-09 13:30:24.211220', '1234', 1, 1, 0, 1),
(2, 'Entry', 'OP', 'Final', '2017-05-09 08:40:49.689248', '2017-05-09 08:41:06.449405', '1234', 3, 0, 0, 3),
(3, 'Entry', 'OP', 'Final', '2017-05-09 08:41:00.347222', '2017-05-09 08:41:00.347275', '1234', 5, 0, 0, 2),
(4, 'Entry', 'OP', 'Final', '2017-05-09 08:41:23.606005', '2017-05-09 08:41:23.606056', '1234', 2, 0, 0, 21),
(5, 'Entry', 'OP', 'Final', '2017-05-09 08:41:35.307612', '2017-05-09 08:41:35.307673', '1234', 4, 0, 0, 22),
(6, 'Entry', 'OP', 'Final', '2017-05-14 07:59:52.556814', '2017-05-14 14:14:39.462823', '1234', 7, 1, 0, 11),
(7, 'Entry', 'OP', 'Final', '2017-05-14 08:00:11.031571', '2017-05-14 08:04:50.717977', '1234', 8, 1, 0, 12),
(8, 'Entry', 'OP', 'Final', '2017-05-14 08:00:22.632460', '2017-05-14 08:00:22.632513', '1234', 9, 0, 0, 13),
(9, 'Entry', 'OP', 'Final', '2017-05-14 08:00:34.837078', '2017-05-14 08:00:34.837127', '1234', 10, 0, 0, 15),
(10, 'Entry', 'OP', 'Final', '2017-05-14 08:00:48.834144', '2017-05-14 08:00:48.834188', '1234', 11, 0, 0, 16),
(11, 'Entry', 'OP', 'Final', '2017-05-14 08:01:07.582926', '2017-05-14 08:01:07.582970', '1234', 12, 0, 0, 17),
(12, 'Entry', 'OP', 'Final', '2017-05-14 08:01:16.704654', '2017-05-14 08:01:16.704723', '1234', 13, 0, 0, 18),
(13, 'Entry', 'VS', 'Final', '2017-05-14 12:10:03.231244', '2017-05-21 09:50:27.926141', '1234', 1, 0, 0, 1),
(14, 'Entry', 'OP', 'Final', '2017-05-21 09:50:56.720041', '2017-05-21 09:50:56.720086', '17692101', 1, 0, 0, 1),
(15, 'Entry', 'VS', 'Final', '2017-05-21 09:51:19.347200', '2017-05-21 09:51:19.347246', '17692101', 2, 0, 0, 1),
(16, 'Entry', 'OP', 'Final', '2017-05-21 09:51:31.919618', '2017-05-21 09:51:31.919661', '17692101', 2, 0, 0, 1),
(17, 'Entry', 'VS', 'Final', '2017-05-21 09:51:58.528625', '2017-05-21 09:51:58.528674', '17692101', 1, 0, 0, 1),
(18, 'Entry', 'VS', 'Final', '2017-05-21 09:52:24.930867', '2017-05-21 09:52:24.930913', '17692101', 5, 0, 0, 2),
(19, 'Entry', 'OP', 'Final', '2017-05-21 09:52:39.121688', '2017-05-21 09:52:39.121745', '17692101', 5, 0, 0, 2),
(20, 'Entry', 'VS', 'Final', '2017-05-21 09:53:02.995639', '2017-05-21 09:53:02.995685', '17692101', 6, 0, 0, 2),
(21, 'Entry', 'OP', 'Final', '2017-05-21 09:53:11.342697', '2017-05-21 09:53:11.342768', '17692101', 6, 0, 0, 2),
(22, 'Entry', 'VS', 'Final', '2017-05-21 09:53:36.879733', '2017-05-21 09:53:36.879785', '17692101', 14, 0, 0, 3),
(23, 'Entry', 'OP', 'Final', '2017-05-21 09:53:46.227993', '2017-05-21 09:53:46.228060', '17692101', 14, 0, 0, 3),
(24, 'Entry', 'VS', 'Final', '2017-05-21 09:54:02.868941', '2017-05-21 09:54:02.868996', '17692101', 15, 0, 0, 3),
(25, 'Entry', 'OP', 'Final', '2017-05-21 09:54:12.699050', '2017-05-21 09:54:12.699101', '17692101', 15, 0, 0, 3),
(26, 'Entry', 'VS', 'Final', '2017-05-21 09:54:41.964984', '2017-05-21 09:54:41.965040', '17692101', 16, 0, 0, 4),
(27, 'Entry', 'OP', 'Final', '2017-05-21 09:54:52.888578', '2017-05-21 09:54:52.888624', '17692101', 16, 0, 0, 4),
(28, 'Entry', 'VS', 'Final', '2017-05-21 09:55:10.518020', '2017-05-21 09:55:10.518114', '17692101', 17, 0, 0, 4),
(29, 'Entry', 'VS', 'Final', '2017-05-21 09:55:34.727074', '2017-05-21 09:55:34.727125', '17692101', 18, 0, 0, 5),
(30, 'Entry', 'OP', 'Final', '2017-05-21 09:55:59.391918', '2017-05-21 09:55:59.391963', '17692101', 17, 0, 0, 4),
(31, 'Entry', 'OP', 'Final', '2017-05-21 09:56:22.102208', '2017-05-21 09:56:22.102258', '17692101', 18, 0, 0, 5),
(32, 'Entry', 'OP', 'Final', '2017-05-21 09:56:50.021396', '2017-05-21 09:56:50.021443', '17692101', 19, 0, 0, 5),
(33, 'Entry', 'VS', 'Final', '2017-05-21 09:57:04.419757', '2017-05-21 09:57:04.419813', '17692101', 20, 0, 0, 6),
(34, 'Entry', 'OP', 'Final', '2017-05-21 09:57:17.350093', '2017-05-21 09:57:17.350147', '17692101', 20, 0, 0, 6),
(35, 'Entry', 'VS', 'Final', '2017-05-21 09:58:00.339939', '2017-05-21 09:58:00.339997', '17692101', 23, 0, 0, 10),
(36, 'Entry', 'OP', 'Final', '2017-05-21 09:58:16.276157', '2017-05-21 09:58:16.276333', '17692101', 23, 0, 0, 10),
(37, 'Entry', 'VS', 'Final', '2017-05-21 09:58:31.069076', '2017-05-21 09:58:31.069121', '17692101', 25, 0, 0, 11),
(38, 'Entry', 'OP', 'Final', '2017-05-21 09:58:50.095086', '2017-05-21 09:58:50.095161', '17692101', 25, 0, 0, 11),
(39, 'Entry', 'VS', 'Final', '2017-05-21 09:59:17.512092', '2017-05-21 09:59:17.512135', '17692101', 27, 0, 0, 12),
(40, 'Entry', 'OP', 'Final', '2017-05-21 09:59:36.123348', '2017-05-21 09:59:36.123395', '17692101', 27, 0, 0, 12),
(41, 'Entry', 'VS', 'Final', '2017-05-21 10:04:21.931597', '2017-05-21 10:04:21.931649', '17692101', 7, 0, 0, 20),
(42, 'Entry', 'OP', 'Final', '2017-05-21 10:04:42.808238', '2017-05-21 10:04:42.808288', '17692101', 7, 0, 0, 20),
(43, 'Entry', 'VS', 'Final', '2017-05-21 10:05:02.771138', '2017-05-21 10:05:02.771187', '17692101', 8, 0, 0, 21),
(44, 'Entry', 'OP', 'Final', '2017-05-21 10:05:12.902735', '2017-05-21 10:05:12.902778', '17692101', 8, 0, 0, 21),
(45, 'Entry', 'VS', 'Final', '2017-05-21 10:05:31.389870', '2017-05-21 10:05:31.389915', '17692101', 3, 0, 0, 22),
(46, 'Entry', 'OP', 'Final', '2017-05-21 10:05:45.081221', '2017-05-21 10:05:45.081272', '17692101', 3, 0, 0, 22),
(47, 'Entry', 'VS', 'Final', '2017-05-21 10:06:05.383028', '2017-05-21 10:06:05.383075', '17692101', 9, 0, 0, 23),
(48, 'Entry', 'OP', 'Final', '2017-05-21 10:06:19.062521', '2017-05-21 10:06:19.062571', '17692101', 9, 0, 0, 23),
(49, 'Entry', 'OP', 'Final', '2017-05-21 10:06:38.587135', '2017-05-21 10:06:38.587216', '17692101', 13, 0, 0, 30),
(50, 'Entry', 'VS', 'Final', '2017-05-21 10:06:57.715432', '2017-05-21 10:06:57.715477', '17692101', 13, 0, 0, 30),
(51, 'Entry', 'VS', 'Final', '2017-05-21 10:07:19.776449', '2017-05-21 10:07:19.776502', '17692101', 11, 0, 0, 31),
(52, 'Entry', 'OP', 'Final', '2017-05-21 10:07:30.304397', '2017-05-21 10:07:30.304444', '17692101', 11, 0, 0, 31),
(53, 'Entry', 'VS', 'Final', '2017-05-21 10:07:44.785668', '2017-05-21 10:07:44.785724', '17692101', 12, 0, 0, 32),
(54, 'Entry', 'OP', 'Final', '2017-05-21 10:07:55.535569', '2017-05-21 10:07:55.535618', '17692101', 12, 0, 0, 32),
(55, 'Entry', 'VS', 'Final', '2017-05-21 10:08:08.280457', '2017-05-21 10:08:08.280503', '17692101', 10, 0, 0, 33),
(56, 'Entry', 'OP', 'Final', '2017-05-21 10:08:19.723025', '2017-05-21 10:08:19.723080', '17692101', 10, 0, 0, 33),
(57, 'Entry', 'OP', 'Final', '2017-05-21 10:09:39.808258', '2017-05-21 10:09:39.808375', '17692101', 24, 0, 0, 10),
(58, 'Entry', 'OP', 'Final', '2017-05-21 10:14:06.955858', '2017-05-21 10:14:06.955908', '17692101', 28, 0, 0, 12),
(59, 'Entry', 'VS', 'Final', '2017-05-21 10:15:09.897332', '2017-05-21 10:15:09.897377', '17692101', 29, 0, 0, 20),
(60, 'Entry', 'OP', 'Final', '2017-05-21 10:15:35.356257', '2017-05-21 10:15:35.356305', '17692101', 29, 0, 0, 20),
(61, 'Entry', 'VS', 'Final', '2017-05-21 10:15:58.826332', '2017-05-21 10:15:58.826379', '17692101', 4, 0, 0, 22),
(62, 'Entry', 'OP', 'Final', '2017-05-21 10:16:37.223031', '2017-05-21 10:16:37.223080', '17692101', 4, 0, 0, 22),
(63, 'Entry', 'VS', 'Final', '2017-05-21 10:17:00.432815', '2017-05-21 10:17:00.432859', '17692101', 30, 0, 0, 30),
(64, 'Entry', 'OP', 'Final', '2017-05-21 10:17:11.606307', '2017-05-21 10:17:11.606354', '17692101', 30, 0, 0, 30),
(65, 'Entry', 'OP', 'Final', '2017-05-21 10:17:25.320853', '2017-05-21 10:17:25.320997', '17692101', 31, 0, 0, 31),
(66, 'Entry', 'OP', 'Final', '2017-05-21 10:17:38.864011', '2017-05-21 10:17:38.864063', '17692101', 32, 0, 0, 32),
(67, 'Entry', 'OP', 'Final', '2017-05-21 10:17:50.131700', '2017-05-21 10:17:50.131743', '17692101', 33, 0, 0, 33),
(68, 'Entry', 'VS', 'Final', '2017-05-21 14:46:04.296981', '2017-05-21 14:46:04.297030', '17692101', 22, 0, 0, 6),
(69, 'Entry', 'OP', 'Final', '2017-05-21 14:46:14.873554', '2017-05-21 14:46:14.873599', '17692101', 22, 0, 0, 6);

-- --------------------------------------------------------

--
-- テーブルの構造 `competitions_gr`
--

DROP TABLE IF EXISTS `competitions_gr`;
CREATE TABLE `competitions_gr` (
  `id` int(11) NOT NULL,
  `mark` varchar(6) COLLATE utf8_unicode_ci NOT NULL,
  `name_family` varchar(64) COLLATE utf8_unicode_ci NOT NULL,
  `name_first` varchar(64) COLLATE utf8_unicode_ci NOT NULL,
  `club` varchar(256) COLLATE utf8_unicode_ci NOT NULL,
  `year` int(11) NOT NULL,
  `created` datetime(6) NOT NULL,
  `modified` datetime(6) NOT NULL,
  `comp_id` varchar(16) COLLATE utf8_unicode_ci NOT NULL,
  `event_id` int(11) NOT NULL
) ENGINE=InnoDB DEFAULT CHARSET=utf8 COLLATE=utf8_unicode_ci;

--
-- テーブルのデータのダンプ `competitions_gr`
--

INSERT INTO `competitions_gr` (`id`, `mark`, `name_family`, `name_first`, `club`, `year`, `created`, `modified`, `comp_id`, `event_id`) VALUES
(1, '001078', '阪大', '太郎', '大阪大', 2016, '2017-05-18 08:01:21.962224', '2017-05-21 14:16:28.104034', '1234', 1),
(2, '002134', '大阪', '龍二', '大阪大', 2015, '2017-05-18 08:01:57.657710', '2017-05-21 14:16:13.188439', '1234', 5),
(3, '001080', '新浜', '太郎', '名古屋大', 1999, '2017-05-21 10:22:53.484508', '2017-05-21 10:22:53.484557', '17692101', 1),
(4, '002172', '藤原', '宇央', '大阪大', 2016, '2017-05-21 10:23:34.063510', '2017-05-21 10:23:34.063559', '17692101', 5),
(5, '004832', '北川', '達', '大阪大', 2004, '2017-05-21 10:26:01.365867', '2017-05-21 10:26:01.365918', '17692101', 14),
(6, '015425', '渡辺', '壮流', '大阪大', 2016, '2017-05-21 10:26:50.740305', '2017-05-21 10:26:50.740349', '17692101', 16),
(7, '035616', '中村', '高洋', '名古屋大', 2005, '2017-05-21 10:27:34.945742', '2017-05-21 10:27:34.945795', '17692101', 18),
(8, '145298', '内藤', '聖貴', '名古屋大', 2000, '2017-05-21 10:28:13.116701', '2017-05-21 10:28:13.116749', '17692101', 20),
(9, '001459', '前里', '優介', '名古屋大', 2005, '2017-05-21 10:29:16.008783', '2017-05-21 10:29:16.008938', '17692101', 23),
(10, '005205', '真野', '悠太郎', '名古屋大', 2016, '2017-05-21 10:29:54.884058', '2017-05-21 10:29:54.884104', '17692101', 25),
(11, '000210', '眞鍋', '周平', '大阪大', 2003, '2017-05-21 10:30:45.355010', '2017-05-21 10:30:45.355058', '17692101', 7),
(12, '000725', '平岩', '雅司', '大阪大', 1993, '2017-05-21 10:34:37.485377', '2017-05-21 10:34:37.485533', '17692101', 3),
(13, '001578', '花谷', '昴', '大阪大', 2008, '2017-05-21 10:35:16.706662', '2017-05-21 10:35:16.706713', '17692101', 9),
(14, '001386', '尾杉', '友浩', '大阪大', 2001, '2017-05-21 10:35:59.663623', '2017-05-21 10:35:59.663677', '17692101', 13),
(15, '004083', '中澤', '密', '大阪大', 2014, '2017-05-21 10:36:33.424598', '2017-05-21 10:36:33.424646', '17692101', 11),
(16, '003633', '野村', '琢真', '大阪大', 2016, '2017-05-21 10:37:03.079077', '2017-05-21 10:37:03.079124', '17692101', 12),
(17, '006641', '中澤', '密', '大阪大', 2013, '2017-05-21 10:38:18.603521', '2017-05-21 10:38:18.603569', '17692101', 10),
(18, '001274', '安田', '理香', '名古屋大', 2007, '2017-05-21 10:39:30.078618', '2017-05-21 10:39:30.078826', '17692101', 2),
(19, '005894', '牛山', '綾', '大阪大', 2010, '2017-05-21 10:40:04.879893', '2017-05-21 10:40:04.879980', '17692101', 15),
(20, '021678', '鈴木', '亜由子', '名古屋大', 2010, '2017-05-21 10:40:57.472413', '2017-05-21 10:40:57.472463', '17692101', 17),
(21, '042505', '鈴木', '亜由子', '名古屋大', 2013, '2017-05-21 10:41:26.674966', '2017-05-21 10:41:26.675011', '17692101', 19),
(22, '000155', '梁瀬', '裕子', '大阪大', 1994, '2017-05-21 10:42:04.818193', '2017-05-21 10:42:04.818238', '17692101', 29),
(23, '000549', '荒俣', '夏樹', '名古屋大', 2002, '2017-05-21 10:43:02.956523', '2017-05-21 10:43:02.956573', '17692101', 4),
(24, '001081', '小中', '真由美', '名古屋大', 2010, '2017-05-21 10:43:36.209698', '2017-05-21 10:43:36.209754', '17692101', 30);

-- --------------------------------------------------------

--
-- テーブルの構造 `django_admin_log`
--

DROP TABLE IF EXISTS `django_admin_log`;
CREATE TABLE `django_admin_log` (
  `id` int(11) NOT NULL,
  `action_time` datetime(6) NOT NULL,
  `object_id` longtext CHARACTER SET utf8mb4 COLLATE utf8mb4_unicode_ci,
  `object_repr` varchar(200) CHARACTER SET utf8mb4 COLLATE utf8mb4_unicode_ci NOT NULL,
  `action_flag` smallint(5) UNSIGNED NOT NULL,
  `change_message` longtext CHARACTER SET utf8mb4 COLLATE utf8mb4_unicode_ci NOT NULL,
  `content_type_id` int(11) DEFAULT NULL,
  `user_id` int(11) NOT NULL
) ENGINE=InnoDB DEFAULT CHARSET=utf8 COLLATE=utf8_unicode_ci;

--
-- テーブルのデータのダンプ `django_admin_log`
--

INSERT INTO `django_admin_log` (`id`, `action_time`, `object_id`, `object_repr`, `action_flag`, `change_message`, `content_type_id`, `user_id`) VALUES
(1, '2017-05-09 08:38:28.667922', '1234', '名阪戦', 1, '[{\"added\": {}}]', 2, 1),
(2, '2017-05-09 08:38:54.689747', '1', 'M100m', 1, '[{\"added\": {}}]', 4, 1),
(3, '2017-05-09 08:39:05.519149', '2', 'W100m', 1, '[{\"added\": {}}]', 4, 1),
(4, '2017-05-09 08:39:25.572834', '3', 'M走幅跳', 1, '[{\"added\": {}}]', 4, 1),
(5, '2017-05-09 08:39:46.432070', '4', 'W走幅跳', 1, '[{\"added\": {}}]', 4, 1),
(6, '2017-05-09 08:40:04.266253', '5', 'M200m', 1, '[{\"added\": {}}]', 4, 1),
(7, '2017-05-09 08:40:13.256699', '6', 'W200m', 1, '[{\"added\": {}}]', 4, 1),
(8, '2017-05-09 08:40:34.531716', '1', 'OP_M100m', 1, '[{\"added\": {}}]', 3, 1),
(9, '2017-05-09 08:40:49.691217', '2', 'OP_M走幅跳', 1, '[{\"added\": {}}]', 3, 1),
(10, '2017-05-09 08:41:00.348289', '3', 'OP_M200m', 1, '[{\"added\": {}}]', 3, 1),
(11, '2017-05-09 08:41:06.450580', '2', 'OP_M走幅跳', 2, '[{\"changed\": {\"fields\": [\"start_list_priority\"]}}]', 3, 1),
(12, '2017-05-09 08:41:23.607208', '4', 'OP_W100m', 1, '[{\"added\": {}}]', 3, 1),
(13, '2017-05-09 08:41:35.308519', '5', 'OP_W走幅跳', 1, '[{\"added\": {}}]', 3, 1),
(14, '2017-05-09 08:43:55.084795', '1', 'organizer', 1, '[{\"added\": {}}]', 9, 1),
(15, '2017-05-09 08:44:13.945795', '1', 'root', 2, '[]', 7, 1),
(16, '2017-05-09 09:12:53.097511', '2', 'guest', 1, '[{\"added\": {}}]', 9, 1),
(17, '2017-05-09 09:13:28.057234', '2', 'Guest', 1, '[{\"added\": {}}]', 7, 1),
(18, '2017-05-09 09:13:45.508278', '2', 'Guest', 2, '[]', 7, 1),
(19, '2017-05-09 13:58:22.731468', '3', 'reception', 1, '[{\"added\": {}}]', 9, 1),
(20, '2017-05-09 13:58:34.996977', '1', 'root', 2, '[]', 7, 1),
(21, '2017-05-14 07:57:22.167881', '7', 'M走高跳', 1, '[{\"added\": {}}]', 4, 1),
(22, '2017-05-14 07:57:35.657779', '8', 'M棒高跳', 1, '[{\"added\": {}}]', 4, 1),
(23, '2017-05-14 07:57:55.008151', '9', 'M三段跳', 1, '[{\"added\": {}}]', 4, 1),
(24, '2017-05-14 07:58:11.643946', '10', 'Mやり投', 1, '[{\"added\": {}}]', 4, 1),
(25, '2017-05-14 07:58:26.112255', '11', 'M円盤投', 1, '[{\"added\": {}}]', 4, 1),
(26, '2017-05-14 07:58:52.241530', '12', 'Mハンマー投', 1, '[{\"added\": {}}]', 4, 1),
(27, '2017-05-14 07:59:12.699963', '13', 'M砲丸投', 1, '[{\"added\": {}}]', 4, 1),
(28, '2017-05-14 07:59:52.557524', '6', 'OP_M走高跳', 1, '[{\"added\": {}}]', 3, 1),
(29, '2017-05-14 08:00:11.032927', '7', 'OP_M棒高跳', 1, '[{\"added\": {}}]', 3, 1),
(30, '2017-05-14 08:00:22.633372', '8', 'OP_M三段跳', 1, '[{\"added\": {}}]', 3, 1),
(31, '2017-05-14 08:00:34.838915', '9', 'OP_Mやり投', 1, '[{\"added\": {}}]', 3, 1),
(32, '2017-05-14 08:00:48.834783', '10', 'OP_M円盤投', 1, '[{\"added\": {}}]', 3, 1),
(33, '2017-05-14 08:01:07.583787', '11', 'OP_Mハンマー投', 1, '[{\"added\": {}}]', 3, 1),
(34, '2017-05-14 08:01:16.706238', '12', 'OP_M砲丸投', 1, '[{\"added\": {}}]', 3, 1),
(35, '2017-05-14 12:05:03.759684', '149', 'OP_M棒高跳[金澤佳緯]', 3, '', 5, 1),
(36, '2017-05-14 12:05:03.775490', '92', 'OP_M棒高跳[高橋遼]', 3, '', 5, 1),
(37, '2017-05-14 12:05:03.788897', '91', 'OP_M棒高跳[細田真広]', 3, '', 5, 1),
(38, '2017-05-14 12:05:03.803260', '90', 'OP_M砲丸投[金子渓人]', 3, '', 5, 1),
(39, '2017-05-14 12:05:03.816810', '89', 'OP_M砲丸投[澤薫]', 3, '', 5, 1),
(40, '2017-05-14 12:05:03.839876', '88', 'OP_M砲丸投[西村拓海]', 3, '', 5, 1),
(41, '2017-05-14 12:05:03.853701', '87', 'OP_M砲丸投[田中陽久]', 3, '', 5, 1),
(42, '2017-05-14 12:05:03.866681', '86', 'OP_M砲丸投[大橋悟]', 3, '', 5, 1),
(43, '2017-05-14 12:05:03.880164', '85', 'OP_M走幅跳[永田遼]', 3, '', 5, 1),
(44, '2017-05-14 12:05:03.893159', '84', 'OP_M走幅跳[村上隆一郎]', 3, '', 5, 1),
(45, '2017-05-14 12:05:03.900808', '83', 'OP_M走幅跳[松下隼人]', 3, '', 5, 1),
(46, '2017-05-14 12:05:03.913971', '82', 'OP_M走幅跳[山之内丈]', 3, '', 5, 1),
(47, '2017-05-14 12:05:03.927733', '81', 'OP_M走幅跳[本居和弘]', 3, '', 5, 1),
(48, '2017-05-14 12:05:03.940728', '80', 'OP_M走幅跳[安達智則]', 3, '', 5, 1),
(49, '2017-05-14 12:05:03.954675', '79', 'OP_M走幅跳[小野貴裕]', 3, '', 5, 1),
(50, '2017-05-14 12:05:03.969219', '78', 'OP_M走幅跳[神田実]', 3, '', 5, 1),
(51, '2017-05-14 12:05:03.984253', '77', 'OP_M走幅跳[棚原大介]', 3, '', 5, 1),
(52, '2017-05-14 12:05:03.997690', '76', 'OP_M走幅跳[西田拓展]', 3, '', 5, 1),
(53, '2017-05-14 12:05:04.010613', '75', 'OP_M走幅跳[井内光]', 3, '', 5, 1),
(54, '2017-05-14 12:05:04.024291', '74', 'OP_M走幅跳[木原日向]', 3, '', 5, 1),
(55, '2017-05-14 12:05:04.039136', '73', 'OP_M走幅跳[大村隆人]', 3, '', 5, 1),
(56, '2017-05-14 12:05:04.053268', '72', 'OP_M走幅跳[南井航太]', 3, '', 5, 1),
(57, '2017-05-14 12:05:04.066273', '71', 'OP_M走幅跳[清原和真]', 3, '', 5, 1),
(58, '2017-05-14 12:05:04.080259', '70', 'OP_M走幅跳[西村拓海]', 3, '', 5, 1),
(59, '2017-05-14 12:05:04.094212', '69', 'OP_M走幅跳[川根聖矢]', 3, '', 5, 1),
(60, '2017-05-14 12:05:04.107677', '68', 'OP_M走幅跳[松井そら]', 3, '', 5, 1),
(61, '2017-05-14 12:05:04.122675', '67', 'OP_M走幅跳[山下雄大]', 3, '', 5, 1),
(62, '2017-05-14 12:05:04.135943', '66', 'OP_M走幅跳[平島敬也]', 3, '', 5, 1),
(63, '2017-05-14 12:05:04.150836', '65', 'OP_M走幅跳[吉武拓真]', 3, '', 5, 1),
(64, '2017-05-14 12:05:04.164084', '64', 'OP_M走幅跳[松尾頼憲]', 3, '', 5, 1),
(65, '2017-05-14 12:05:04.179622', '63', 'OP_M走幅跳[藤原宇央]', 3, '', 5, 1),
(66, '2017-05-14 12:05:04.192288', '62', 'OP_M走幅跳[伊藤駿一郎]', 3, '', 5, 1),
(67, '2017-05-14 12:05:04.206695', '61', 'OP_M走幅跳[長友敬晃]', 3, '', 5, 1),
(68, '2017-05-14 12:05:04.220942', '60', 'OP_M走幅跳[浅野智司]', 3, '', 5, 1),
(69, '2017-05-14 12:05:04.235455', '59', 'OP_M走幅跳[小西満]', 3, '', 5, 1),
(70, '2017-05-14 12:05:04.249505', '58', 'OP_M走幅跳[齋藤宣樹]', 3, '', 5, 1),
(71, '2017-05-14 12:05:04.263704', '57', 'OP_M走高跳[生野雄大]', 3, '', 5, 1),
(72, '2017-05-14 12:05:04.279196', '56', 'OP_M走高跳[小西満]', 3, '', 5, 1),
(73, '2017-05-14 12:05:04.292781', '55', 'OP_M三段跳[源識之相]', 3, '', 5, 1),
(74, '2017-05-14 12:05:04.307652', '54', 'OP_M三段跳[伊東悠希]', 3, '', 5, 1),
(75, '2017-05-14 12:05:04.320385', '53', 'OP_M三段跳[浜島裕亮]', 3, '', 5, 1),
(76, '2017-05-14 12:05:04.332645', '52', 'OP_M三段跳[門脇駿]', 3, '', 5, 1),
(77, '2017-05-14 12:05:04.348165', '51', 'OP_M三段跳[五十嵐早登]', 3, '', 5, 1),
(78, '2017-05-14 12:05:04.362154', '50', 'OP_M三段跳[藤本一帆]', 3, '', 5, 1),
(79, '2017-05-14 12:05:04.375817', '49', 'OP_M三段跳[酒井政宏]', 3, '', 5, 1),
(80, '2017-05-14 12:05:04.389509', '48', 'OP_M三段跳[廣嶋伸哉]', 3, '', 5, 1),
(81, '2017-05-14 12:05:04.404274', '47', 'OP_M円盤投[大橋悟]', 3, '', 5, 1),
(82, '2017-05-14 12:05:04.417784', '46', 'OP_M円盤投[松尾頼憲]', 3, '', 5, 1),
(83, '2017-05-14 12:05:04.433442', '45', 'OP_M円盤投[金子渓人]', 3, '', 5, 1),
(84, '2017-05-14 12:05:04.456063', '44', 'OP_M円盤投[平島敬也]', 3, '', 5, 1),
(85, '2017-05-14 12:05:04.474744', '43', 'OP_M円盤投[澤薫]', 3, '', 5, 1),
(86, '2017-05-14 12:05:04.494008', '42', 'OP_M円盤投[高畑大地]', 3, '', 5, 1),
(87, '2017-05-14 12:05:04.511481', '41', 'OP_M円盤投[松井そら]', 3, '', 5, 1),
(88, '2017-05-14 12:05:04.528621', '40', 'OP_M円盤投[小野貴裕]', 3, '', 5, 1),
(89, '2017-05-14 12:05:04.546948', '39', 'OP_Mやり投[澤薫]', 3, '', 5, 1),
(90, '2017-05-14 12:05:04.564800', '38', 'OP_Mハンマー投[若園直樹]', 3, '', 5, 1),
(91, '2017-05-14 12:05:04.583234', '37', 'OP_Mハンマー投[浅野智司]', 3, '', 5, 1),
(92, '2017-05-14 12:05:04.602905', '36', 'OP_Mハンマー投[大橋悟]', 3, '', 5, 1),
(93, '2017-05-14 12:05:04.622271', '35', 'OP_Mハンマー投[三谷圭]', 3, '', 5, 1),
(94, '2017-05-14 12:05:04.640684', '34', 'OP_M100m[小池百合子]', 3, '', 5, 1),
(95, '2017-05-14 12:05:04.659280', '33', 'OP_M100m[安倍晋三]', 3, '', 5, 1),
(96, '2017-05-14 12:05:04.677211', '32', 'OP_M走幅跳[宮崎晃一]', 3, '', 5, 1),
(97, '2017-05-14 12:05:04.696499', '31', 'OP_M走幅跳[大塚健太郎]', 3, '', 5, 1),
(98, '2017-05-14 12:05:04.713424', '30', 'OP_M走幅跳[西村拓海]', 3, '', 5, 1),
(99, '2017-05-14 12:05:04.730404', '29', 'OP_M走幅跳[神田実]', 3, '', 5, 1),
(100, '2017-05-14 12:05:04.746863', '28', 'OP_M走幅跳[上野環太]', 3, '', 5, 1),
(101, '2017-05-14 12:05:04.764807', '27', 'OP_M走幅跳[荒木優太]', 3, '', 5, 1),
(102, '2017-05-14 12:05:04.793867', '26', 'OP_M200m[前田拓海]', 3, '', 5, 1),
(103, '2017-05-14 12:05:04.822923', '25', 'OP_M200m[森山和友]', 3, '', 5, 1),
(104, '2017-05-14 12:05:04.841060', '24', 'OP_M200m[岡本健]', 3, '', 5, 1),
(105, '2017-05-14 12:05:04.859207', '23', 'OP_M200m[奥田真伍]', 3, '', 5, 1),
(106, '2017-05-14 12:05:04.878362', '22', 'OP_M200m[水野翔太]', 3, '', 5, 1),
(107, '2017-05-14 12:05:04.896472', '21', 'OP_M200m[山根雄]', 3, '', 5, 1),
(108, '2017-05-14 12:05:04.914379', '20', 'OP_M200m[荒木優太]', 3, '', 5, 1),
(109, '2017-05-14 12:05:04.933626', '18', 'OP_M100m[藤原京平]', 3, '', 5, 1),
(110, '2017-05-14 12:05:04.952208', '16', 'OP_M100m[竹島周平]', 3, '', 5, 1),
(111, '2017-05-14 12:05:04.970140', '15', 'OP_M100m[小谷祥吾]', 3, '', 5, 1),
(112, '2017-05-14 12:05:04.987900', '14', 'OP_M100m[近藤佑哉]', 3, '', 5, 1),
(113, '2017-05-14 12:05:05.005432', '13', 'OP_M100m[森山和友]', 3, '', 5, 1),
(114, '2017-05-14 12:05:05.018613', '12', 'OP_M100m[八木健人]', 3, '', 5, 1),
(115, '2017-05-14 12:05:05.031784', '11', 'OP_M100m[金澤佳緯]', 3, '', 5, 1),
(116, '2017-05-14 12:05:05.049997', '10', 'OP_M100m[山口大地]', 3, '', 5, 1),
(117, '2017-05-14 12:05:05.063895', '9', 'OP_M100m[岡本健]', 3, '', 5, 1),
(118, '2017-05-14 12:05:05.080868', '7', 'OP_M100m[水野翔太]', 3, '', 5, 1),
(119, '2017-05-14 12:05:05.097706', '6', 'OP_M100m[山根雄]', 3, '', 5, 1),
(120, '2017-05-14 12:05:05.111495', '5', 'OP_M100m[金丸和嗣]', 3, '', 5, 1),
(121, '2017-05-14 12:05:05.126707', '4', 'OP_M100m[上野環太]', 3, '', 5, 1),
(122, '2017-05-14 12:05:05.142111', '3', 'OP_M100m[藤原雅志]', 3, '', 5, 1),
(123, '2017-05-14 12:05:05.158952', '2', 'OP_M100m[小西玄起]', 3, '', 5, 1),
(124, '2017-05-14 12:05:05.173200', '1', 'OP_M100m[轡田涼]', 3, '', 5, 1),
(125, '2017-05-14 12:05:16.164493', '444', 'OP_M200m[サーカー慎悟]', 3, '', 5, 1),
(126, '2017-05-14 12:05:16.178054', '443', 'OP_M200m[豊本竜希]', 3, '', 5, 1),
(127, '2017-05-14 12:05:16.192087', '442', 'OP_M200m[藪内直孝]', 3, '', 5, 1),
(128, '2017-05-14 12:05:16.205356', '441', 'OP_M200m[信定佑紀]', 3, '', 5, 1),
(129, '2017-05-14 12:05:16.218924', '440', 'OP_M200m[住平航]', 3, '', 5, 1),
(130, '2017-05-14 12:05:16.245773', '439', 'OP_M200m[仙石樹]', 3, '', 5, 1),
(131, '2017-05-14 12:05:16.263588', '438', 'OP_M200m[北村匠]', 3, '', 5, 1),
(132, '2017-05-14 12:05:16.281499', '437', 'OP_M200m[下村遼]', 3, '', 5, 1),
(133, '2017-05-14 12:05:16.298167', '436', 'OP_M200m[杉田幸輝]', 3, '', 5, 1),
(134, '2017-05-14 12:05:16.316207', '435', 'OP_M200m[田中智也]', 3, '', 5, 1),
(135, '2017-05-14 12:05:16.332802', '434', 'OP_M200m[大道卓也]', 3, '', 5, 1),
(136, '2017-05-14 12:05:16.352198', '433', 'OP_M200m[清水良輔]', 3, '', 5, 1),
(137, '2017-05-14 12:05:16.370798', '432', 'OP_M200m[山本尚季]', 3, '', 5, 1),
(138, '2017-05-14 12:05:16.389720', '431', 'OP_M200m[神谷有輝]', 3, '', 5, 1),
(139, '2017-05-14 12:05:16.409132', '430', 'OP_M200m[荒田一樹]', 3, '', 5, 1),
(140, '2017-05-14 12:05:16.427582', '429', 'OP_M200m[平谷光佑]', 3, '', 5, 1),
(141, '2017-05-14 12:05:16.446171', '428', 'OP_M200m[西脇友哉]', 3, '', 5, 1),
(142, '2017-05-14 12:05:16.465657', '427', 'OP_M200m[宮滝雅己]', 3, '', 5, 1),
(143, '2017-05-14 12:05:16.486517', '426', 'OP_M200m[松本雄志郎]', 3, '', 5, 1),
(144, '2017-05-14 12:05:16.506659', '425', 'OP_M200m[岡本健]', 3, '', 5, 1),
(145, '2017-05-14 12:05:16.525509', '424', 'OP_M200m[井筒功貴]', 3, '', 5, 1),
(146, '2017-05-14 12:05:16.545368', '423', 'OP_M200m[田中陽久]', 3, '', 5, 1),
(147, '2017-05-14 12:05:16.563908', '422', 'OP_M200m[喜多政天]', 3, '', 5, 1),
(148, '2017-05-14 12:05:16.582390', '421', 'OP_M200m[金丸和嗣]', 3, '', 5, 1),
(149, '2017-05-14 12:05:16.601577', '420', 'OP_M200m[山根雄]', 3, '', 5, 1),
(150, '2017-05-14 12:05:16.620506', '419', 'OP_M200m[奥田真伍]', 3, '', 5, 1),
(151, '2017-05-14 12:05:16.640602', '418', 'OP_M200m[片山虎之介]', 3, '', 5, 1),
(152, '2017-05-14 12:05:16.659113', '417', 'OP_M200m[藤原聡一郎]', 3, '', 5, 1),
(153, '2017-05-14 12:05:16.677607', '416', 'OP_M200m[鈴木日向]', 3, '', 5, 1),
(154, '2017-05-14 12:05:16.697442', '415', 'OP_M200m[新海涼司]', 3, '', 5, 1),
(155, '2017-05-14 12:05:16.716199', '414', 'OP_M200m[前田光雄]', 3, '', 5, 1),
(156, '2017-05-14 12:05:16.734969', '413', 'OP_M200m[福田将大]', 3, '', 5, 1),
(157, '2017-05-14 12:05:16.754134', '412', 'OP_M200m[志賀遼太朗]', 3, '', 5, 1),
(158, '2017-05-14 12:05:16.773319', '411', 'OP_M200m[眞杉陸]', 3, '', 5, 1),
(159, '2017-05-14 12:05:16.791683', '410', 'OP_M200m[佐野佑城]', 3, '', 5, 1),
(160, '2017-05-14 12:05:16.810550', '409', 'OP_M200m[國田凌輝]', 3, '', 5, 1),
(161, '2017-05-14 12:05:16.830212', '408', 'OP_M200m[神先宏樹]', 3, '', 5, 1),
(162, '2017-05-14 12:05:16.845146', '407', 'OP_M200m[岡本和也]', 3, '', 5, 1),
(163, '2017-05-14 12:05:16.859005', '406', 'OP_M200m[森山和友]', 3, '', 5, 1),
(164, '2017-05-14 12:05:16.872812', '405', 'OP_M200m[小口伸]', 3, '', 5, 1),
(165, '2017-05-14 12:05:16.886409', '404', 'OP_M200m[河辺悦太郎]', 3, '', 5, 1),
(166, '2017-05-14 12:05:16.900025', '403', 'OP_M200m[木下将一]', 3, '', 5, 1),
(167, '2017-05-14 12:05:16.914493', '402', 'OP_M200m[伊ケ崎一哉]', 3, '', 5, 1),
(168, '2017-05-14 12:05:16.927554', '401', 'OP_M200m[村上隆一郎]', 3, '', 5, 1),
(169, '2017-05-14 12:05:16.941606', '400', 'OP_M200m[近藤佑哉]', 3, '', 5, 1),
(170, '2017-05-14 12:05:16.955956', '399', 'OP_M200m[水野翔太]', 3, '', 5, 1),
(171, '2017-05-14 12:05:16.969566', '398', 'OP_M200m[藤原宇央]', 3, '', 5, 1),
(172, '2017-05-14 12:05:16.983673', '397', 'OP_M200m[中島祐市]', 3, '', 5, 1),
(173, '2017-05-14 12:05:16.997891', '396', 'OP_M200m[小林大航]', 3, '', 5, 1),
(174, '2017-05-14 12:05:17.011853', '395', 'OP_M200m[高津良平]', 3, '', 5, 1),
(175, '2017-05-14 12:05:17.025259', '394', 'OP_M200m[高塚誠司]', 3, '', 5, 1),
(176, '2017-05-14 12:05:17.039727', '393', 'OP_M100m[川添洋祐]', 3, '', 5, 1),
(177, '2017-05-14 12:05:17.052928', '392', 'OP_M100m[サーカー慎悟]', 3, '', 5, 1),
(178, '2017-05-14 12:05:17.066782', '391', 'OP_M100m[井内光]', 3, '', 5, 1),
(179, '2017-05-14 12:05:17.080952', '390', 'OP_M100m[尾原正人]', 3, '', 5, 1),
(180, '2017-05-14 12:05:17.094309', '389', 'OP_M100m[溝端竜也]', 3, '', 5, 1),
(181, '2017-05-14 12:05:17.108733', '388', 'OP_M100m[澤田隆成]', 3, '', 5, 1),
(182, '2017-05-14 12:05:17.122001', '387', 'OP_M100m[棚原大介]', 3, '', 5, 1),
(183, '2017-05-14 12:05:17.137123', '386', 'OP_M100m[山本誉志樹]', 3, '', 5, 1),
(184, '2017-05-14 12:05:17.150043', '385', 'OP_M100m[大曲和輝]', 3, '', 5, 1),
(185, '2017-05-14 12:05:17.164076', '384', 'OP_M100m[吉國利啓]', 3, '', 5, 1),
(186, '2017-05-14 12:05:17.178807', '383', 'OP_M100m[川根聖矢]', 3, '', 5, 1),
(187, '2017-05-14 12:05:17.191861', '382', 'OP_M100m[木下将一]', 3, '', 5, 1),
(188, '2017-05-14 12:05:17.207040', '381', 'OP_M100m[瀧瀬祥良]', 3, '', 5, 1),
(189, '2017-05-14 12:05:17.220685', '380', 'OP_M100m[大塚健太郎]', 3, '', 5, 1),
(190, '2017-05-14 12:05:17.235877', '379', 'OP_M100m[西村拓海]', 3, '', 5, 1),
(191, '2017-05-14 12:05:17.249807', '378', 'OP_M100m[長友敬晃]', 3, '', 5, 1),
(192, '2017-05-14 12:05:17.263439', '377', 'OP_M100m[山下雄大]', 3, '', 5, 1),
(193, '2017-05-14 12:05:17.277818', '376', 'OP_M100m[木原日向]', 3, '', 5, 1),
(194, '2017-05-14 12:05:48.965143', '444', 'OP_M200m[サーカー慎悟]', 3, '', 5, 1),
(195, '2017-05-14 12:05:48.979513', '443', 'OP_M200m[豊本竜希]', 3, '', 5, 1),
(196, '2017-05-14 12:05:48.991941', '442', 'OP_M200m[藪内直孝]', 3, '', 5, 1),
(197, '2017-05-14 12:05:49.003361', '441', 'OP_M200m[信定佑紀]', 3, '', 5, 1),
(198, '2017-05-14 12:05:49.015903', '440', 'OP_M200m[住平航]', 3, '', 5, 1),
(199, '2017-05-14 12:05:49.028796', '439', 'OP_M200m[仙石樹]', 3, '', 5, 1),
(200, '2017-05-14 12:05:49.041908', '438', 'OP_M200m[北村匠]', 3, '', 5, 1),
(201, '2017-05-14 12:05:49.053615', '437', 'OP_M200m[下村遼]', 3, '', 5, 1),
(202, '2017-05-14 12:05:49.066797', '436', 'OP_M200m[杉田幸輝]', 3, '', 5, 1),
(203, '2017-05-14 12:05:49.078031', '435', 'OP_M200m[田中智也]', 3, '', 5, 1),
(204, '2017-05-14 12:05:49.090034', '434', 'OP_M200m[大道卓也]', 3, '', 5, 1),
(205, '2017-05-14 12:05:49.102051', '433', 'OP_M200m[清水良輔]', 3, '', 5, 1),
(206, '2017-05-14 12:05:49.108641', '432', 'OP_M200m[山本尚季]', 3, '', 5, 1),
(207, '2017-05-14 12:05:49.119479', '431', 'OP_M200m[神谷有輝]', 3, '', 5, 1),
(208, '2017-05-14 12:05:49.130696', '430', 'OP_M200m[荒田一樹]', 3, '', 5, 1),
(209, '2017-05-14 12:05:49.136643', '429', 'OP_M200m[平谷光佑]', 3, '', 5, 1),
(210, '2017-05-14 12:05:49.148832', '428', 'OP_M200m[西脇友哉]', 3, '', 5, 1),
(211, '2017-05-14 12:05:49.159292', '427', 'OP_M200m[宮滝雅己]', 3, '', 5, 1),
(212, '2017-05-14 12:05:49.171216', '426', 'OP_M200m[松本雄志郎]', 3, '', 5, 1),
(213, '2017-05-14 12:05:49.178343', '425', 'OP_M200m[岡本健]', 3, '', 5, 1),
(214, '2017-05-14 12:05:49.189947', '424', 'OP_M200m[井筒功貴]', 3, '', 5, 1),
(215, '2017-05-14 12:05:49.200533', '423', 'OP_M200m[田中陽久]', 3, '', 5, 1),
(216, '2017-05-14 12:05:49.206862', '422', 'OP_M200m[喜多政天]', 3, '', 5, 1),
(217, '2017-05-14 12:05:49.231737', '421', 'OP_M200m[金丸和嗣]', 3, '', 5, 1),
(218, '2017-05-14 12:05:49.242342', '420', 'OP_M200m[山根雄]', 3, '', 5, 1),
(219, '2017-05-14 12:05:49.254461', '419', 'OP_M200m[奥田真伍]', 3, '', 5, 1),
(220, '2017-05-14 12:05:49.268265', '418', 'OP_M200m[片山虎之介]', 3, '', 5, 1),
(221, '2017-05-14 12:05:49.281794', '417', 'OP_M200m[藤原聡一郎]', 3, '', 5, 1),
(222, '2017-05-14 12:05:49.295780', '416', 'OP_M200m[鈴木日向]', 3, '', 5, 1),
(223, '2017-05-14 12:05:49.312515', '415', 'OP_M200m[新海涼司]', 3, '', 5, 1),
(224, '2017-05-14 12:05:49.331354', '414', 'OP_M200m[前田光雄]', 3, '', 5, 1),
(225, '2017-05-14 12:05:49.350170', '413', 'OP_M200m[福田将大]', 3, '', 5, 1),
(226, '2017-05-14 12:05:49.369264', '412', 'OP_M200m[志賀遼太朗]', 3, '', 5, 1),
(227, '2017-05-14 12:05:49.385627', '411', 'OP_M200m[眞杉陸]', 3, '', 5, 1),
(228, '2017-05-14 12:05:49.399763', '410', 'OP_M200m[佐野佑城]', 3, '', 5, 1),
(229, '2017-05-14 12:05:49.414667', '409', 'OP_M200m[國田凌輝]', 3, '', 5, 1),
(230, '2017-05-14 12:05:49.427479', '408', 'OP_M200m[神先宏樹]', 3, '', 5, 1),
(231, '2017-05-14 12:05:49.440579', '407', 'OP_M200m[岡本和也]', 3, '', 5, 1),
(232, '2017-05-14 12:05:49.455063', '406', 'OP_M200m[森山和友]', 3, '', 5, 1),
(233, '2017-05-14 12:05:49.467894', '405', 'OP_M200m[小口伸]', 3, '', 5, 1),
(234, '2017-05-14 12:05:49.479706', '404', 'OP_M200m[河辺悦太郎]', 3, '', 5, 1),
(235, '2017-05-14 12:05:49.492096', '403', 'OP_M200m[木下将一]', 3, '', 5, 1),
(236, '2017-05-14 12:05:49.498331', '402', 'OP_M200m[伊ケ崎一哉]', 3, '', 5, 1),
(237, '2017-05-14 12:05:49.510906', '401', 'OP_M200m[村上隆一郎]', 3, '', 5, 1),
(238, '2017-05-14 12:05:49.522368', '400', 'OP_M200m[近藤佑哉]', 3, '', 5, 1),
(239, '2017-05-14 12:05:49.539045', '399', 'OP_M200m[水野翔太]', 3, '', 5, 1),
(240, '2017-05-14 12:05:49.552295', '398', 'OP_M200m[藤原宇央]', 3, '', 5, 1),
(241, '2017-05-14 12:05:49.559427', '397', 'OP_M200m[中島祐市]', 3, '', 5, 1),
(242, '2017-05-14 12:05:49.570747', '396', 'OP_M200m[小林大航]', 3, '', 5, 1),
(243, '2017-05-14 12:05:49.584070', '395', 'OP_M200m[高津良平]', 3, '', 5, 1),
(244, '2017-05-14 12:05:49.597672', '394', 'OP_M200m[高塚誠司]', 3, '', 5, 1),
(245, '2017-05-14 12:05:49.611587', '393', 'OP_M100m[川添洋祐]', 3, '', 5, 1),
(246, '2017-05-14 12:05:49.624022', '392', 'OP_M100m[サーカー慎悟]', 3, '', 5, 1),
(247, '2017-05-14 12:05:49.636404', '391', 'OP_M100m[井内光]', 3, '', 5, 1),
(248, '2017-05-14 12:05:49.648938', '390', 'OP_M100m[尾原正人]', 3, '', 5, 1),
(249, '2017-05-14 12:05:49.661881', '389', 'OP_M100m[溝端竜也]', 3, '', 5, 1),
(250, '2017-05-14 12:05:49.675641', '388', 'OP_M100m[澤田隆成]', 3, '', 5, 1),
(251, '2017-05-14 12:05:49.688076', '387', 'OP_M100m[棚原大介]', 3, '', 5, 1),
(252, '2017-05-14 12:05:49.700313', '386', 'OP_M100m[山本誉志樹]', 3, '', 5, 1),
(253, '2017-05-14 12:05:49.713364', '385', 'OP_M100m[大曲和輝]', 3, '', 5, 1),
(254, '2017-05-14 12:05:49.726658', '384', 'OP_M100m[吉國利啓]', 3, '', 5, 1),
(255, '2017-05-14 12:05:49.739602', '383', 'OP_M100m[川根聖矢]', 3, '', 5, 1),
(256, '2017-05-14 12:05:49.752418', '382', 'OP_M100m[木下将一]', 3, '', 5, 1),
(257, '2017-05-14 12:05:49.759820', '381', 'OP_M100m[瀧瀬祥良]', 3, '', 5, 1),
(258, '2017-05-14 12:05:49.773274', '380', 'OP_M100m[大塚健太郎]', 3, '', 5, 1),
(259, '2017-05-14 12:05:49.786472', '379', 'OP_M100m[西村拓海]', 3, '', 5, 1),
(260, '2017-05-14 12:05:49.799287', '378', 'OP_M100m[長友敬晃]', 3, '', 5, 1),
(261, '2017-05-14 12:05:49.812010', '377', 'OP_M100m[山下雄大]', 3, '', 5, 1),
(262, '2017-05-14 12:05:49.820237', '376', 'OP_M100m[木原日向]', 3, '', 5, 1),
(263, '2017-05-14 12:07:16.556370', '444', 'OP_M200m[サーカー慎悟]', 3, '', 5, 1),
(264, '2017-05-14 12:07:16.571337', '443', 'OP_M200m[豊本竜希]', 3, '', 5, 1),
(265, '2017-05-14 12:07:16.586249', '442', 'OP_M200m[藪内直孝]', 3, '', 5, 1),
(266, '2017-05-14 12:07:16.599580', '441', 'OP_M200m[信定佑紀]', 3, '', 5, 1),
(267, '2017-05-14 12:07:16.613535', '440', 'OP_M200m[住平航]', 3, '', 5, 1),
(268, '2017-05-14 12:07:16.626979', '439', 'OP_M200m[仙石樹]', 3, '', 5, 1),
(269, '2017-05-14 12:07:16.641312', '438', 'OP_M200m[北村匠]', 3, '', 5, 1),
(270, '2017-05-14 12:07:16.655952', '437', 'OP_M200m[下村遼]', 3, '', 5, 1),
(271, '2017-05-14 12:07:16.668978', '436', 'OP_M200m[杉田幸輝]', 3, '', 5, 1),
(272, '2017-05-14 12:07:16.682910', '435', 'OP_M200m[田中智也]', 3, '', 5, 1),
(273, '2017-05-14 12:07:16.696789', '434', 'OP_M200m[大道卓也]', 3, '', 5, 1),
(274, '2017-05-14 12:07:16.711010', '433', 'OP_M200m[清水良輔]', 3, '', 5, 1),
(275, '2017-05-14 12:07:16.724426', '432', 'OP_M200m[山本尚季]', 3, '', 5, 1),
(276, '2017-05-14 12:07:16.738769', '431', 'OP_M200m[神谷有輝]', 3, '', 5, 1),
(277, '2017-05-14 12:07:16.752564', '430', 'OP_M200m[荒田一樹]', 3, '', 5, 1),
(278, '2017-05-14 12:07:16.766640', '429', 'OP_M200m[平谷光佑]', 3, '', 5, 1),
(279, '2017-05-14 12:07:16.781679', '428', 'OP_M200m[西脇友哉]', 3, '', 5, 1),
(280, '2017-05-14 12:07:16.796930', '427', 'OP_M200m[宮滝雅己]', 3, '', 5, 1),
(281, '2017-05-14 12:07:16.813885', '426', 'OP_M200m[松本雄志郎]', 3, '', 5, 1),
(282, '2017-05-14 12:07:16.830413', '425', 'OP_M200m[岡本健]', 3, '', 5, 1),
(283, '2017-05-14 12:07:16.845354', '424', 'OP_M200m[井筒功貴]', 3, '', 5, 1),
(284, '2017-05-14 12:07:16.862073', '423', 'OP_M200m[田中陽久]', 3, '', 5, 1),
(285, '2017-05-14 12:07:16.876172', '422', 'OP_M200m[喜多政天]', 3, '', 5, 1),
(286, '2017-05-14 12:07:16.890941', '421', 'OP_M200m[金丸和嗣]', 3, '', 5, 1),
(287, '2017-05-14 12:07:16.905109', '420', 'OP_M200m[山根雄]', 3, '', 5, 1),
(288, '2017-05-14 12:07:16.918678', '419', 'OP_M200m[奥田真伍]', 3, '', 5, 1),
(289, '2017-05-14 12:07:16.943825', '418', 'OP_M200m[片山虎之介]', 3, '', 5, 1),
(290, '2017-05-14 12:07:16.958691', '417', 'OP_M200m[藤原聡一郎]', 3, '', 5, 1),
(291, '2017-05-14 12:07:16.974161', '416', 'OP_M200m[鈴木日向]', 3, '', 5, 1),
(292, '2017-05-14 12:07:16.988763', '415', 'OP_M200m[新海涼司]', 3, '', 5, 1),
(293, '2017-05-14 12:07:17.010975', '414', 'OP_M200m[前田光雄]', 3, '', 5, 1),
(294, '2017-05-14 12:07:17.040729', '413', 'OP_M200m[福田将大]', 3, '', 5, 1),
(295, '2017-05-14 12:07:17.062669', '412', 'OP_M200m[志賀遼太朗]', 3, '', 5, 1),
(296, '2017-05-14 12:07:17.074881', '411', 'OP_M200m[眞杉陸]', 3, '', 5, 1),
(297, '2017-05-14 12:07:17.088470', '410', 'OP_M200m[佐野佑城]', 3, '', 5, 1),
(298, '2017-05-14 12:07:17.102252', '409', 'OP_M200m[國田凌輝]', 3, '', 5, 1),
(299, '2017-05-14 12:07:17.115064', '408', 'OP_M200m[神先宏樹]', 3, '', 5, 1),
(300, '2017-05-14 12:07:17.128543', '407', 'OP_M200m[岡本和也]', 3, '', 5, 1),
(301, '2017-05-14 12:07:17.142488', '406', 'OP_M200m[森山和友]', 3, '', 5, 1),
(302, '2017-05-14 12:07:17.155446', '405', 'OP_M200m[小口伸]', 3, '', 5, 1),
(303, '2017-05-14 12:07:17.168245', '404', 'OP_M200m[河辺悦太郎]', 3, '', 5, 1),
(304, '2017-05-14 12:07:17.182272', '403', 'OP_M200m[木下将一]', 3, '', 5, 1),
(305, '2017-05-14 12:07:17.195229', '402', 'OP_M200m[伊ケ崎一哉]', 3, '', 5, 1),
(306, '2017-05-14 12:07:17.208440', '401', 'OP_M200m[村上隆一郎]', 3, '', 5, 1),
(307, '2017-05-14 12:07:17.221735', '400', 'OP_M200m[近藤佑哉]', 3, '', 5, 1),
(308, '2017-05-14 12:07:17.234615', '399', 'OP_M200m[水野翔太]', 3, '', 5, 1),
(309, '2017-05-14 12:07:17.248542', '398', 'OP_M200m[藤原宇央]', 3, '', 5, 1),
(310, '2017-05-14 12:07:17.261296', '397', 'OP_M200m[中島祐市]', 3, '', 5, 1),
(311, '2017-05-14 12:07:17.275728', '396', 'OP_M200m[小林大航]', 3, '', 5, 1),
(312, '2017-05-14 12:07:17.288608', '395', 'OP_M200m[高津良平]', 3, '', 5, 1),
(313, '2017-05-14 12:07:17.300985', '394', 'OP_M200m[高塚誠司]', 3, '', 5, 1),
(314, '2017-05-14 12:07:17.314269', '393', 'OP_M100m[川添洋祐]', 3, '', 5, 1),
(315, '2017-05-14 12:07:17.321328', '392', 'OP_M100m[サーカー慎悟]', 3, '', 5, 1),
(316, '2017-05-14 12:07:17.335217', '391', 'OP_M100m[井内光]', 3, '', 5, 1),
(317, '2017-05-14 12:07:17.347692', '390', 'OP_M100m[尾原正人]', 3, '', 5, 1),
(318, '2017-05-14 12:07:17.361538', '389', 'OP_M100m[溝端竜也]', 3, '', 5, 1),
(319, '2017-05-14 12:07:17.375542', '388', 'OP_M100m[澤田隆成]', 3, '', 5, 1),
(320, '2017-05-14 12:07:17.389135', '387', 'OP_M100m[棚原大介]', 3, '', 5, 1),
(321, '2017-05-14 12:07:17.402925', '386', 'OP_M100m[山本誉志樹]', 3, '', 5, 1),
(322, '2017-05-14 12:07:17.416777', '385', 'OP_M100m[大曲和輝]', 3, '', 5, 1),
(323, '2017-05-14 12:07:17.430902', '384', 'OP_M100m[吉國利啓]', 3, '', 5, 1),
(324, '2017-05-14 12:07:17.443494', '383', 'OP_M100m[川根聖矢]', 3, '', 5, 1),
(325, '2017-05-14 12:07:17.452685', '382', 'OP_M100m[木下将一]', 3, '', 5, 1),
(326, '2017-05-14 12:07:17.469405', '381', 'OP_M100m[瀧瀬祥良]', 3, '', 5, 1),
(327, '2017-05-14 12:07:17.483158', '380', 'OP_M100m[大塚健太郎]', 3, '', 5, 1),
(328, '2017-05-14 12:07:17.509573', '379', 'OP_M100m[西村拓海]', 3, '', 5, 1),
(329, '2017-05-14 12:07:17.522378', '378', 'OP_M100m[長友敬晃]', 3, '', 5, 1),
(330, '2017-05-14 12:07:17.535916', '377', 'OP_M100m[山下雄大]', 3, '', 5, 1),
(331, '2017-05-14 12:07:17.549954', '376', 'OP_M100m[木原日向]', 3, '', 5, 1),
(332, '2017-05-14 12:07:17.565211', '292', 'OP_M100m[神田実]', 3, '', 5, 1),
(333, '2017-05-14 12:07:17.578324', '291', 'OP_M100m[高橋遼]', 3, '', 5, 1),
(334, '2017-05-14 12:07:17.593370', '290', 'OP_M100m[酒井政宏]', 3, '', 5, 1),
(335, '2017-05-14 12:07:17.606886', '289', 'OP_M100m[谷口聖太]', 3, '', 5, 1),
(336, '2017-05-14 12:07:17.620565', '288', 'OP_M100m[金子渓人]', 3, '', 5, 1),
(337, '2017-05-14 12:07:17.633080', '287', 'OP_M100m[齋藤宣樹]', 3, '', 5, 1),
(338, '2017-05-14 12:07:17.647763', '286', 'OP_M100m[細田真広]', 3, '', 5, 1),
(339, '2017-05-14 12:07:17.660849', '285', 'OP_M100m[浅野智司]', 3, '', 5, 1),
(340, '2017-05-14 12:07:17.674444', '284', 'OP_M100m[成田周平]', 3, '', 5, 1),
(341, '2017-05-14 12:07:17.688061', '283', 'OP_M100m[大道卓也]', 3, '', 5, 1),
(342, '2017-05-14 12:07:17.700535', '282', 'OP_M100m[杉田幸輝]', 3, '', 5, 1),
(343, '2017-05-14 12:07:17.713611', '281', 'OP_M100m[野崎佑一]', 3, '', 5, 1),
(344, '2017-05-14 12:07:17.722894', '280', 'OP_M100m[藪内直孝]', 3, '', 5, 1),
(345, '2017-05-14 12:07:17.736832', '279', 'OP_M100m[北村匠]', 3, '', 5, 1),
(346, '2017-05-14 12:07:17.749537', '278', 'OP_M100m[黒江裕貴]', 3, '', 5, 1),
(347, '2017-05-14 12:07:17.763423', '277', 'OP_M100m[岩谷力也]', 3, '', 5, 1),
(348, '2017-05-14 12:07:17.776422', '276', 'OP_M100m[眞杉陸]', 3, '', 5, 1),
(349, '2017-05-14 12:07:17.789678', '275', 'OP_M100m[珍坂涼太]', 3, '', 5, 1),
(350, '2017-05-14 12:07:17.802695', '274', 'OP_M100m[田中智也]', 3, '', 5, 1),
(351, '2017-05-14 12:07:17.809968', '273', 'OP_M100m[松井そら]', 3, '', 5, 1),
(352, '2017-05-14 12:07:17.823332', '272', 'OP_M100m[清水良輔]', 3, '', 5, 1),
(353, '2017-05-14 12:07:17.836913', '271', 'OP_M100m[西脇友哉]', 3, '', 5, 1),
(354, '2017-05-14 12:07:17.849597', '270', 'OP_M100m[神先宏樹]', 3, '', 5, 1),
(355, '2017-05-14 12:07:17.862565', '269', 'OP_M100m[岡本和也]', 3, '', 5, 1),
(356, '2017-05-14 12:07:17.875983', '268', 'OP_M100m[林聖也]', 3, '', 5, 1),
(357, '2017-05-14 12:07:17.889224', '267', 'OP_M100m[平島敬也]', 3, '', 5, 1),
(358, '2017-05-14 12:07:17.901615', '266', 'OP_M100m[小野貴裕]', 3, '', 5, 1),
(359, '2017-05-14 12:07:17.915413', '265', 'OP_M100m[大西淳矢]', 3, '', 5, 1),
(360, '2017-05-14 12:07:17.929049', '264', 'OP_M100m[山本尚季]', 3, '', 5, 1),
(361, '2017-05-14 12:07:17.941970', '263', 'OP_M100m[仙石樹]', 3, '', 5, 1),
(362, '2017-05-14 12:07:17.954499', '262', 'OP_M100m[松尾頼憲]', 3, '', 5, 1),
(363, '2017-05-14 12:07:28.356763', '261', 'OP_M100m[下村遼]', 3, '', 5, 1),
(364, '2017-05-14 12:07:28.372056', '260', 'OP_M100m[柴垣向志]', 3, '', 5, 1),
(365, '2017-05-14 12:07:28.379027', '259', 'OP_M100m[國田凌輝]', 3, '', 5, 1),
(366, '2017-05-14 12:07:28.392288', '258', 'OP_M100m[藤川健斗]', 3, '', 5, 1),
(367, '2017-05-14 12:07:28.405169', '257', 'OP_M100m[信定佑紀]', 3, '', 5, 1),
(368, '2017-05-14 12:07:28.418797', '256', 'OP_M100m[伊藤駿一郎]', 3, '', 5, 1),
(369, '2017-05-14 12:07:28.431828', '255', 'OP_M100m[小谷祥吾]', 3, '', 5, 1),
(370, '2017-05-14 12:07:28.446084', '254', 'OP_M100m[片山虎之介]', 3, '', 5, 1),
(371, '2017-05-14 12:07:28.459328', '253', 'OP_M100m[源識之相]', 3, '', 5, 1),
(372, '2017-05-14 12:07:28.473222', '252', 'OP_M100m[松島陽平]', 3, '', 5, 1),
(373, '2017-05-14 12:07:28.487172', '251', 'OP_M100m[田中俊輔]', 3, '', 5, 1),
(374, '2017-05-14 12:07:28.499225', '250', 'OP_M100m[藤原聡一郎]', 3, '', 5, 1),
(375, '2017-05-14 12:07:28.511296', '249', 'OP_M100m[小山一志]', 3, '', 5, 1),
(376, '2017-05-14 12:07:28.518215', '248', 'OP_M100m[山本浩右]', 3, '', 5, 1),
(377, '2017-05-14 12:07:28.531102', '247', 'OP_M100m[藤諒健]', 3, '', 5, 1),
(378, '2017-05-14 12:07:28.544624', '246', 'OP_M100m[竹島周平]', 3, '', 5, 1),
(379, '2017-05-14 12:07:28.557289', '245', 'OP_M100m[岡本健]', 3, '', 5, 1),
(380, '2017-05-14 12:07:28.570376', '244', 'OP_M100m[山根雄]', 3, '', 5, 1),
(381, '2017-05-14 12:07:28.584974', '243', 'OP_M100m[森山和友]', 3, '', 5, 1),
(382, '2017-05-14 12:07:28.598389', '242', 'OP_M100m[住平航]', 3, '', 5, 1),
(383, '2017-05-14 12:07:28.612642', '241', 'OP_M100m[山之内丈]', 3, '', 5, 1),
(384, '2017-05-14 12:07:28.620408', '240', 'OP_M100m[前田光雄]', 3, '', 5, 1),
(385, '2017-05-14 12:07:28.634569', '239', 'OP_M100m[神谷有輝]', 3, '', 5, 1),
(386, '2017-05-14 12:07:28.649505', '238', 'OP_M100m[奥田真伍]', 3, '', 5, 1),
(387, '2017-05-14 12:07:28.663652', '237', 'OP_M100m[志賀遼太朗]', 3, '', 5, 1),
(388, '2017-05-14 12:07:28.677937', '236', 'OP_M100m[中沢亮]', 3, '', 5, 1),
(389, '2017-05-14 12:07:28.693611', '235', 'OP_M100m[金丸和嗣]', 3, '', 5, 1),
(390, '2017-05-14 12:07:28.707210', '234', 'OP_M100m[大村隆人]', 3, '', 5, 1),
(391, '2017-05-14 12:07:28.721085', '233', 'OP_M100m[高柳正徳]', 3, '', 5, 1),
(392, '2017-05-14 12:07:28.737254', '232', 'OP_M100m[中尾貴大]', 3, '', 5, 1),
(393, '2017-05-14 12:07:28.751361', '231', 'OP_M100m[松本雄志郎]', 3, '', 5, 1),
(394, '2017-05-14 12:07:28.765052', '230', 'OP_M100m[大内慎也]', 3, '', 5, 1),
(395, '2017-05-14 12:07:28.779288', '229', 'OP_M100m[荒田一樹]', 3, '', 5, 1),
(396, '2017-05-14 12:07:28.793622', '228', 'OP_M100m[井面利昂]', 3, '', 5, 1),
(397, '2017-05-14 12:07:28.805921', '227', 'OP_M100m[小西玄起]', 3, '', 5, 1),
(398, '2017-05-14 12:07:28.813126', '226', 'OP_M100m[新海涼司]', 3, '', 5, 1),
(399, '2017-05-14 12:07:28.826429', '225', 'OP_M100m[酒寄直哉]', 3, '', 5, 1),
(400, '2017-05-14 12:07:28.839686', '224', 'OP_M100m[村上隆一郎]', 3, '', 5, 1),
(401, '2017-05-14 12:07:28.854120', '223', 'OP_M100m[手石雅人]', 3, '', 5, 1),
(402, '2017-05-14 12:07:28.866623', '222', 'OP_M100m[水野翔太]', 3, '', 5, 1),
(403, '2017-05-14 12:07:28.883994', '221', 'OP_M100m[河辺悦太郎]', 3, '', 5, 1),
(404, '2017-05-14 12:07:28.896895', '220', 'OP_M100m[高塚誠司]', 3, '', 5, 1),
(405, '2017-05-14 12:07:28.909087', '219', 'OP_M100m[伊ケ崎一哉]', 3, '', 5, 1),
(406, '2017-05-14 12:07:28.922893', '218', 'OP_M100m[田中陽久]', 3, '', 5, 1),
(407, '2017-05-14 12:07:28.941991', '217', 'OP_M100m[藤原宇央]', 3, '', 5, 1),
(408, '2017-05-14 12:07:28.956588', '216', 'OP_M100m[喜多政天]', 3, '', 5, 1),
(409, '2017-05-14 12:07:28.969517', '215', 'OP_M100m[山下拓也]', 3, '', 5, 1),
(410, '2017-05-14 12:07:28.985320', '214', 'OP_M100m[高津良平]', 3, '', 5, 1),
(411, '2017-05-14 12:07:28.999255', '213', 'OP_M100m[小林大航]', 3, '', 5, 1),
(412, '2017-05-14 12:07:29.014056', '212', 'OP_M100m[中島祐市]', 3, '', 5, 1),
(413, '2017-05-14 12:07:29.027928', '211', 'OP_M100m[近藤佑哉]', 3, '', 5, 1),
(414, '2017-05-14 12:10:03.232216', '13', 'VS_M100m', 1, '[{\"added\": {}}]', 3, 1),
(415, '2017-05-14 12:10:52.752788', '663', 'VS_M100m[山下拓也]', 3, '', 5, 1),
(416, '2017-05-14 12:10:52.766481', '662', 'VS_M100m[加地涼太郎]', 3, '', 5, 1),
(417, '2017-05-14 12:10:52.779429', '661', 'VS_M100m[橋本太翔]', 3, '', 5, 1),
(418, '2017-05-14 12:10:52.792305', '660', 'VS_M100m[藤本唄司]', 3, '', 5, 1),
(419, '2017-05-14 12:10:52.806911', '659', 'VS_M100m[岩瀬累]', 3, '', 5, 1),
(420, '2017-05-14 12:10:52.820884', '658', 'VS_M100m[本多健一朗]', 3, '', 5, 1),
(421, '2017-05-14 12:10:52.834002', '657', 'VS_M100m[手石雅人]', 3, '', 5, 1),
(422, '2017-05-14 12:10:52.841387', '656', 'VS_M100m[佐藤弘樹]', 3, '', 5, 1),
(423, '2017-05-14 12:10:52.856554', '655', 'OP_M棒高跳[高橋遼]', 3, '', 5, 1),
(424, '2017-05-14 12:10:52.870107', '654', 'OP_M棒高跳[細田真広]', 3, '', 5, 1),
(425, '2017-05-14 12:10:52.882773', '653', 'OP_M棒高跳[金澤佳緯]', 3, '', 5, 1),
(426, '2017-05-14 12:10:52.895897', '652', 'OP_M砲丸投[金子渓人]', 3, '', 5, 1),
(427, '2017-05-14 12:10:52.908064', '651', 'OP_M砲丸投[澤薫]', 3, '', 5, 1),
(428, '2017-05-14 12:10:52.921320', '650', 'OP_M砲丸投[西村拓海]', 3, '', 5, 1),
(429, '2017-05-14 12:10:52.935234', '649', 'OP_M砲丸投[田中陽久]', 3, '', 5, 1),
(430, '2017-05-14 12:10:52.949109', '648', 'OP_M砲丸投[大橋悟]', 3, '', 5, 1),
(431, '2017-05-14 12:10:52.962544', '647', 'OP_M走幅跳[永田遼]', 3, '', 5, 1),
(432, '2017-05-14 12:10:52.977587', '646', 'OP_M走幅跳[村上隆一郎]', 3, '', 5, 1),
(433, '2017-05-14 12:10:52.993118', '645', 'OP_M走幅跳[松下隼人]', 3, '', 5, 1),
(434, '2017-05-14 12:10:53.006764', '644', 'OP_M走幅跳[山之内丈]', 3, '', 5, 1),
(435, '2017-05-14 12:10:53.022101', '643', 'OP_M走幅跳[本居和弘]', 3, '', 5, 1),
(436, '2017-05-14 12:10:53.035840', '642', 'OP_M走幅跳[安達智則]', 3, '', 5, 1),
(437, '2017-05-14 12:10:53.050573', '641', 'OP_M走幅跳[小野貴裕]', 3, '', 5, 1),
(438, '2017-05-14 12:10:53.064837', '640', 'OP_M走幅跳[神田実]', 3, '', 5, 1),
(439, '2017-05-14 12:10:53.080185', '639', 'OP_M走幅跳[棚原大介]', 3, '', 5, 1),
(440, '2017-05-14 12:10:53.096169', '638', 'OP_M走幅跳[西田拓展]', 3, '', 5, 1),
(441, '2017-05-14 12:10:53.110547', '637', 'OP_M走幅跳[井内光]', 3, '', 5, 1),
(442, '2017-05-14 12:10:53.126482', '636', 'OP_M走幅跳[木原日向]', 3, '', 5, 1),
(443, '2017-05-14 12:10:53.144038', '635', 'OP_M走幅跳[大村隆人]', 3, '', 5, 1),
(444, '2017-05-14 12:10:53.159254', '634', 'OP_M走幅跳[南井航太]', 3, '', 5, 1),
(445, '2017-05-14 12:10:53.172854', '633', 'OP_M走幅跳[清原和真]', 3, '', 5, 1),
(446, '2017-05-14 12:10:53.181062', '632', 'OP_M走幅跳[西村拓海]', 3, '', 5, 1),
(447, '2017-05-14 12:10:53.195089', '631', 'OP_M走幅跳[川根聖矢]', 3, '', 5, 1),
(448, '2017-05-14 12:10:53.209553', '630', 'OP_M走幅跳[松井そら]', 3, '', 5, 1),
(449, '2017-05-14 12:10:53.223081', '629', 'OP_M走幅跳[山下雄大]', 3, '', 5, 1),
(450, '2017-05-14 12:10:53.237698', '628', 'OP_M走幅跳[平島敬也]', 3, '', 5, 1),
(451, '2017-05-14 12:10:53.250717', '627', 'OP_M走幅跳[吉武拓真]', 3, '', 5, 1),
(452, '2017-05-14 12:10:53.264874', '626', 'OP_M走幅跳[松尾頼憲]', 3, '', 5, 1),
(453, '2017-05-14 12:10:53.279088', '625', 'OP_M走幅跳[藤原宇央]', 3, '', 5, 1),
(454, '2017-05-14 12:10:53.293249', '624', 'OP_M走幅跳[伊藤駿一郎]', 3, '', 5, 1),
(455, '2017-05-14 12:10:53.301235', '623', 'OP_M走幅跳[長友敬晃]', 3, '', 5, 1),
(456, '2017-05-14 12:10:53.317552', '622', 'OP_M走幅跳[浅野智司]', 3, '', 5, 1),
(457, '2017-05-14 12:10:53.337347', '621', 'OP_M走幅跳[小西満]', 3, '', 5, 1),
(458, '2017-05-14 12:10:53.361782', '620', 'OP_M走幅跳[齋藤宣樹]', 3, '', 5, 1),
(459, '2017-05-14 12:10:53.382871', '619', 'OP_M走高跳[生野雄大]', 3, '', 5, 1),
(460, '2017-05-14 12:10:53.399297', '618', 'OP_M走高跳[小西満]', 3, '', 5, 1),
(461, '2017-05-14 12:10:53.413049', '617', 'OP_M三段跳[源識之相]', 3, '', 5, 1),
(462, '2017-05-14 12:10:53.438033', '616', 'OP_M三段跳[伊東悠希]', 3, '', 5, 1),
(463, '2017-05-14 12:10:53.452720', '615', 'OP_M三段跳[浜島裕亮]', 3, '', 5, 1),
(464, '2017-05-14 12:10:53.466138', '614', 'OP_M三段跳[門脇駿]', 3, '', 5, 1),
(465, '2017-05-14 12:10:53.480078', '613', 'OP_M三段跳[五十嵐早登]', 3, '', 5, 1),
(466, '2017-05-14 12:10:53.495849', '612', 'OP_M三段跳[藤本一帆]', 3, '', 5, 1),
(467, '2017-05-14 12:10:53.511168', '611', 'OP_M三段跳[酒井政宏]', 3, '', 5, 1),
(468, '2017-05-14 12:10:53.526251', '610', 'OP_M三段跳[廣嶋伸哉]', 3, '', 5, 1),
(469, '2017-05-14 12:10:53.540680', '609', 'OP_M円盤投[大橋悟]', 3, '', 5, 1),
(470, '2017-05-14 12:10:53.554932', '608', 'OP_M円盤投[松尾頼憲]', 3, '', 5, 1),
(471, '2017-05-14 12:10:53.568948', '607', 'OP_M円盤投[金子渓人]', 3, '', 5, 1),
(472, '2017-05-14 12:10:53.589206', '606', 'OP_M円盤投[平島敬也]', 3, '', 5, 1),
(473, '2017-05-14 12:10:53.602859', '605', 'OP_M円盤投[澤薫]', 3, '', 5, 1),
(474, '2017-05-14 12:10:53.616689', '604', 'OP_M円盤投[高畑大地]', 3, '', 5, 1),
(475, '2017-05-14 12:10:53.629932', '603', 'OP_M円盤投[松井そら]', 3, '', 5, 1),
(476, '2017-05-14 12:10:53.644192', '602', 'OP_M円盤投[小野貴裕]', 3, '', 5, 1),
(477, '2017-05-14 12:10:53.658384', '601', 'OP_Mやり投[澤薫]', 3, '', 5, 1),
(478, '2017-05-14 12:10:53.671960', '600', 'OP_Mハンマー投[若園直樹]', 3, '', 5, 1),
(479, '2017-05-14 12:10:53.680130', '599', 'OP_Mハンマー投[浅野智司]', 3, '', 5, 1),
(480, '2017-05-14 12:10:53.693116', '598', 'OP_Mハンマー投[大橋悟]', 3, '', 5, 1),
(481, '2017-05-14 12:10:53.707834', '597', 'OP_Mハンマー投[三谷圭]', 3, '', 5, 1),
(482, '2017-05-14 12:20:45.348536', '754', 'OP_M100m[𠮷岡峻一]', 3, '', 5, 1),
(483, '2017-05-14 15:30:17.965597', '6', 'W200m', 2, '[]', 4, 1),
(484, '2017-05-14 15:56:21.198848', '5', 'M200m', 2, '[{\"changed\": {\"fields\": [\"program_type\"]}}]', 4, 1),
(485, '2017-05-18 08:01:21.972370', '1', 'GR_名阪戦M100m', 1, '[{\"added\": {}}]', 1, 1),
(486, '2017-05-18 08:01:57.664655', '2', 'GR_名阪戦M200m', 1, '[{\"added\": {}}]', 1, 1),
(487, '2017-05-18 08:55:22.304182', '3', 'GuestiPad', 1, '[{\"added\": {}}]', 7, 1),
(488, '2017-05-18 08:55:30.129241', '3', 'GuestiPad', 2, '[]', 7, 1),
(489, '2017-05-19 23:32:52.653739', '17692101', '第71回 大阪大学・名古屋大学対校陸上競技大会', 1, '[{\"added\": {}}]', 2, 1),
(490, '2017-05-19 23:33:48.024335', '14', 'M400m', 1, '[{\"added\": {}}]', 4, 1),
(491, '2017-05-19 23:34:15.519414', '15', 'W400m', 1, '[{\"added\": {}}]', 4, 1),
(492, '2017-05-19 23:34:36.918662', '16', 'M800m', 1, '[{\"added\": {}}]', 4, 1),
(493, '2017-05-19 23:34:59.699380', '17', 'W800m', 1, '[{\"added\": {}}]', 4, 1),
(494, '2017-05-19 23:35:20.115445', '18', 'M1500m', 1, '[{\"added\": {}}]', 4, 1),
(495, '2017-05-19 23:35:38.482644', '19', 'W1500m', 1, '[{\"added\": {}}]', 4, 1),
(496, '2017-05-19 23:36:02.040696', '20', 'M5000m', 1, '[{\"added\": {}}]', 4, 1),
(497, '2017-05-19 23:36:23.568316', '21', 'W500m', 1, '[{\"added\": {}}]', 4, 1),
(498, '2017-05-19 23:36:41.127118', '22', 'W3000m', 1, '[{\"added\": {}}]', 4, 1),
(499, '2017-05-19 23:37:06.096477', '23', 'M110mH', 1, '[{\"added\": {}}]', 4, 1),
(500, '2017-05-19 23:37:27.513890', '24', 'W100mH', 1, '[{\"added\": {}}]', 4, 1),
(501, '2017-05-19 23:37:49.682626', '25', 'M400mH', 1, '[{\"added\": {}}]', 4, 1),
(502, '2017-05-19 23:38:08.962441', '26', 'W400mH', 1, '[{\"added\": {}}]', 4, 1),
(503, '2017-05-19 23:38:28.564134', '26', 'W400mH', 2, '[{\"changed\": {\"fields\": [\"start_list_priority\"]}}]', 4, 1),
(504, '2017-05-19 23:38:51.954162', '27', 'M500mW', 1, '[{\"added\": {}}]', 4, 1),
(505, '2017-05-19 23:39:13.625658', '28', 'W500mW', 1, '[{\"added\": {}}]', 4, 1),
(506, '2017-05-19 23:40:09.244972', '29', 'U走り高跳び', 1, '[{\"added\": {}}]', 4, 1),
(507, '2017-05-19 23:40:37.074013', '29', 'W走高跳', 2, '[{\"changed\": {\"fields\": [\"name\", \"short\", \"sex\", \"program_type\", \"separator_2\", \"start_list_priority\"]}}]', 4, 1),
(508, '2017-05-19 23:41:18.446555', '30', 'W砲丸投', 1, '[{\"added\": {}}]', 4, 1),
(509, '2017-05-19 23:41:42.305026', '31', 'W円盤投', 1, '[{\"added\": {}}]', 4, 1),
(510, '2017-05-19 23:42:10.216203', '32', 'Wハンマー投', 1, '[{\"added\": {}}]', 4, 1),
(511, '2017-05-19 23:42:36.314651', '33', 'Wやり投', 1, '[{\"added\": {}}]', 4, 1),
(512, '2017-05-20 02:54:41.283948', '4', 'W走幅跳', 2, '[{\"changed\": {\"fields\": [\"start_list_priority\"]}}]', 4, 1),
(513, '2017-05-20 02:54:53.500292', '3', 'M走幅跳', 2, '[{\"changed\": {\"fields\": [\"start_list_priority\"]}}]', 4, 1),
(514, '2017-05-20 02:55:06.527900', '1', 'M100m', 2, '[{\"changed\": {\"fields\": [\"start_list_priority\"]}}]', 4, 1),
(515, '2017-05-20 02:55:15.393853', '2', 'W100m', 2, '[{\"changed\": {\"fields\": [\"start_list_priority\"]}}]', 4, 1),
(516, '2017-05-20 03:02:17.234229', '5', 'M200m', 2, '[{\"changed\": {\"fields\": [\"start_list_priority\"]}}]', 4, 1),
(517, '2017-05-20 03:02:25.154895', '6', 'W200m', 2, '[{\"changed\": {\"fields\": [\"start_list_priority\"]}}]', 4, 1),
(518, '2017-05-20 03:02:43.467536', '7', 'M走高跳', 2, '[{\"changed\": {\"fields\": [\"start_list_priority\"]}}]', 4, 1),
(519, '2017-05-20 03:03:18.658942', '13', 'M砲丸投', 2, '[{\"changed\": {\"fields\": [\"start_list_priority\"]}}]', 4, 1),
(520, '2017-05-20 03:03:48.655716', '12', 'Mハンマー投', 2, '[{\"changed\": {\"fields\": [\"start_list_priority\"]}}]', 4, 1),
(521, '2017-05-20 03:03:57.538475', '11', 'M円盤投', 2, '[{\"changed\": {\"fields\": [\"start_list_priority\"]}}]', 4, 1),
(522, '2017-05-20 03:04:07.348135', '10', 'Mやり投', 2, '[{\"changed\": {\"fields\": [\"start_list_priority\"]}}]', 4, 1),
(523, '2017-05-20 03:04:37.767960', '9', 'M三段跳', 2, '[{\"changed\": {\"fields\": [\"start_list_priority\"]}}]', 4, 1),
(524, '2017-05-20 03:04:46.043232', '8', 'M棒高跳', 2, '[{\"changed\": {\"fields\": [\"start_list_priority\"]}}]', 4, 1),
(525, '2017-05-21 09:37:35.346412', '27', 'M5000mW', 2, '[{\"changed\": {\"fields\": [\"name\"]}}]', 4, 1),
(526, '2017-05-21 09:37:55.387401', '8', 'M棒高跳', 2, '[{\"changed\": {\"fields\": [\"start_list_priority\"]}}]', 4, 1),
(527, '2017-05-21 09:38:08.142346', '3', 'M走幅跳', 2, '[{\"changed\": {\"fields\": [\"start_list_priority\"]}}]', 4, 1),
(528, '2017-05-21 09:40:47.165818', '23', 'M110mH', 2, '[{\"changed\": {\"fields\": [\"start_list_priority\"]}}]', 4, 1),
(529, '2017-05-21 09:40:52.425937', '25', 'M400mH', 2, '[{\"changed\": {\"fields\": [\"start_list_priority\"]}}]', 4, 1),
(530, '2017-05-21 09:40:58.531423', '27', 'M5000mW', 2, '[{\"changed\": {\"fields\": [\"start_list_priority\"]}}]', 4, 1),
(531, '2017-05-21 09:41:07.278540', '7', 'M走高跳', 2, '[{\"changed\": {\"fields\": [\"start_list_priority\"]}}]', 4, 1),
(532, '2017-05-21 09:41:16.797762', '8', 'M棒高跳', 2, '[{\"changed\": {\"fields\": [\"start_list_priority\"]}}]', 4, 1),
(533, '2017-05-21 09:41:25.712230', '9', 'M三段跳', 2, '[{\"changed\": {\"fields\": [\"start_list_priority\"]}}]', 4, 1),
(534, '2017-05-21 09:41:32.116522', '13', 'M砲丸投', 2, '[{\"changed\": {\"fields\": [\"start_list_priority\"]}}]', 4, 1),
(535, '2017-05-21 09:41:42.288765', '11', 'M円盤投', 2, '[{\"changed\": {\"fields\": [\"start_list_priority\"]}}]', 4, 1),
(536, '2017-05-21 09:42:04.408163', '12', 'Mハンマー投', 2, '[{\"changed\": {\"fields\": [\"start_list_priority\"]}}]', 4, 1),
(537, '2017-05-21 09:42:19.413386', '10', 'Mやり投', 2, '[{\"changed\": {\"fields\": [\"start_list_priority\"]}}]', 4, 1),
(538, '2017-05-21 09:42:45.453213', '2', 'W100m', 2, '[{\"changed\": {\"fields\": [\"start_list_priority\"]}}]', 4, 1),
(539, '2017-05-21 09:42:53.292013', '6', 'W200m', 2, '[{\"changed\": {\"fields\": [\"start_list_priority\"]}}]', 4, 1),
(540, '2017-05-21 09:42:58.717472', '15', 'W400m', 2, '[{\"changed\": {\"fields\": [\"start_list_priority\"]}}]', 4, 1),
(541, '2017-05-21 09:43:08.794228', '17', 'W800m', 2, '[{\"changed\": {\"fields\": [\"start_list_priority\"]}}]', 4, 1),
(542, '2017-05-21 09:43:19.190414', '19', 'W1500m', 2, '[{\"changed\": {\"fields\": [\"start_list_priority\"]}}]', 4, 1),
(543, '2017-05-21 09:43:38.397656', '22', 'W3000m', 2, '[{\"changed\": {\"fields\": [\"start_list_priority\"]}}]', 4, 1),
(544, '2017-05-21 09:43:51.663885', '21', 'W5000m', 2, '[{\"changed\": {\"fields\": [\"name\"]}}]', 4, 1),
(545, '2017-05-21 09:44:04.345177', '21', 'W5000m', 2, '[{\"changed\": {\"fields\": [\"start_list_priority\"]}}]', 4, 1),
(546, '2017-05-21 09:44:16.127448', '24', 'W100mH', 2, '[{\"changed\": {\"fields\": [\"start_list_priority\"]}}]', 4, 1),
(547, '2017-05-21 09:44:31.754416', '26', 'W400mH', 2, '[{\"changed\": {\"fields\": [\"start_list_priority\"]}}]', 4, 1),
(548, '2017-05-21 09:44:50.966178', '24', 'W100mH', 2, '[{\"changed\": {\"fields\": [\"start_list_priority\"]}}]', 4, 1),
(549, '2017-05-21 09:45:08.091120', '21', 'W5000m', 2, '[{\"changed\": {\"fields\": [\"start_list_priority\"]}}]', 4, 1),
(550, '2017-05-21 09:45:18.645275', '28', 'W5000mW', 2, '[{\"changed\": {\"fields\": [\"name\"]}}]', 4, 1),
(551, '2017-05-21 09:45:27.261175', '28', 'W5000mW', 2, '[{\"changed\": {\"fields\": [\"start_list_priority\"]}}]', 4, 1),
(552, '2017-05-21 09:45:36.882449', '29', 'W走高跳', 2, '[{\"changed\": {\"fields\": [\"start_list_priority\"]}}]', 4, 1),
(553, '2017-05-21 09:45:45.066636', '4', 'W走幅跳', 2, '[{\"changed\": {\"fields\": [\"start_list_priority\"]}}]', 4, 1),
(554, '2017-05-21 09:45:52.218231', '30', 'W砲丸投', 2, '[{\"changed\": {\"fields\": [\"start_list_priority\"]}}]', 4, 1),
(555, '2017-05-21 09:46:14.554900', '31', 'W円盤投', 2, '[{\"changed\": {\"fields\": [\"start_list_priority\"]}}]', 4, 1),
(556, '2017-05-21 09:46:25.543222', '32', 'Wハンマー投', 2, '[{\"changed\": {\"fields\": [\"start_list_priority\"]}}]', 4, 1),
(557, '2017-05-21 09:46:31.731532', '33', 'Wやり投', 2, '[{\"changed\": {\"fields\": [\"start_list_priority\"]}}]', 4, 1),
(558, '2017-05-21 09:50:27.927468', '13', 'VS_M100m', 2, '[]', 3, 1),
(559, '2017-05-21 09:50:56.720933', '14', 'OP_M100m', 1, '[{\"added\": {}}]', 3, 1),
(560, '2017-05-21 09:51:19.347887', '15', 'VS_W100m', 1, '[{\"added\": {}}]', 3, 1),
(561, '2017-05-21 09:51:31.920476', '16', 'OP_W100m', 1, '[{\"added\": {}}]', 3, 1),
(562, '2017-05-21 09:51:58.529621', '17', 'VS_M100m', 1, '[{\"added\": {}}]', 3, 1),
(563, '2017-05-21 09:52:24.932292', '18', 'VS_M200m', 1, '[{\"added\": {}}]', 3, 1),
(564, '2017-05-21 09:52:39.123236', '19', 'OP_M200m', 1, '[{\"added\": {}}]', 3, 1),
(565, '2017-05-21 09:53:02.996271', '20', 'VS_W200m', 1, '[{\"added\": {}}]', 3, 1),
(566, '2017-05-21 09:53:11.343917', '21', 'OP_W200m', 1, '[{\"added\": {}}]', 3, 1),
(567, '2017-05-21 09:53:36.881375', '22', 'VS_M400m', 1, '[{\"added\": {}}]', 3, 1),
(568, '2017-05-21 09:53:46.230271', '23', 'OP_M400m', 1, '[{\"added\": {}}]', 3, 1),
(569, '2017-05-21 09:54:02.870032', '24', 'VS_W400m', 1, '[{\"added\": {}}]', 3, 1),
(570, '2017-05-21 09:54:12.700320', '25', 'OP_W400m', 1, '[{\"added\": {}}]', 3, 1),
(571, '2017-05-21 09:54:41.965956', '26', 'VS_M800m', 1, '[{\"added\": {}}]', 3, 1),
(572, '2017-05-21 09:54:52.889775', '27', 'OP_M800m', 1, '[{\"added\": {}}]', 3, 1),
(573, '2017-05-21 09:55:10.519135', '28', 'VS_W800m', 1, '[{\"added\": {}}]', 3, 1),
(574, '2017-05-21 09:55:34.728668', '29', 'VS_M1500m', 1, '[{\"added\": {}}]', 3, 1),
(575, '2017-05-21 09:55:59.392923', '30', 'OP_W800m', 1, '[{\"added\": {}}]', 3, 1),
(576, '2017-05-21 09:56:22.103012', '31', 'OP_M1500m', 1, '[{\"added\": {}}]', 3, 1),
(577, '2017-05-21 09:56:50.023074', '32', 'OP_W1500m', 1, '[{\"added\": {}}]', 3, 1),
(578, '2017-05-21 09:57:04.420912', '33', 'VS_M5000m', 1, '[{\"added\": {}}]', 3, 1),
(579, '2017-05-21 09:57:17.350781', '34', 'OP_M5000m', 1, '[{\"added\": {}}]', 3, 1),
(580, '2017-05-21 09:58:00.340852', '35', 'VS_M110mH', 1, '[{\"added\": {}}]', 3, 1),
(581, '2017-05-21 09:58:16.277448', '36', 'OP_M110mH', 1, '[{\"added\": {}}]', 3, 1),
(582, '2017-05-21 09:58:31.070214', '37', 'VS_M400mH', 1, '[{\"added\": {}}]', 3, 1),
(583, '2017-05-21 09:58:50.096492', '38', 'OP_M400mH', 1, '[{\"added\": {}}]', 3, 1),
(584, '2017-05-21 09:59:17.512701', '39', 'VS_M5000mW', 1, '[{\"added\": {}}]', 3, 1),
(585, '2017-05-21 09:59:36.124246', '40', 'OP_M5000mW', 1, '[{\"added\": {}}]', 3, 1),
(586, '2017-05-21 10:04:21.932619', '41', 'VS_M走高跳', 1, '[{\"added\": {}}]', 3, 1),
(587, '2017-05-21 10:04:42.809174', '42', 'OP_M走高跳', 1, '[{\"added\": {}}]', 3, 1),
(588, '2017-05-21 10:05:02.772496', '43', 'VS_M棒高跳', 1, '[{\"added\": {}}]', 3, 1),
(589, '2017-05-21 10:05:12.903405', '44', 'OP_M棒高跳', 1, '[{\"added\": {}}]', 3, 1),
(590, '2017-05-21 10:05:31.390607', '45', 'VS_M走幅跳', 1, '[{\"added\": {}}]', 3, 1),
(591, '2017-05-21 10:05:45.082200', '46', 'OP_M走幅跳', 1, '[{\"added\": {}}]', 3, 1),
(592, '2017-05-21 10:06:05.383890', '47', 'VS_M三段跳', 1, '[{\"added\": {}}]', 3, 1),
(593, '2017-05-21 10:06:19.063437', '48', 'OP_M三段跳', 1, '[{\"added\": {}}]', 3, 1),
(594, '2017-05-21 10:06:38.588621', '49', 'OP_M砲丸投', 1, '[{\"added\": {}}]', 3, 1),
(595, '2017-05-21 10:06:57.716216', '50', 'VS_M砲丸投', 1, '[{\"added\": {}}]', 3, 1),
(596, '2017-05-21 10:07:19.777455', '51', 'VS_M円盤投', 1, '[{\"added\": {}}]', 3, 1),
(597, '2017-05-21 10:07:30.305184', '52', 'OP_M円盤投', 1, '[{\"added\": {}}]', 3, 1),
(598, '2017-05-21 10:07:44.786655', '53', 'VS_Mハンマー投', 1, '[{\"added\": {}}]', 3, 1),
(599, '2017-05-21 10:07:55.536363', '54', 'OP_Mハンマー投', 1, '[{\"added\": {}}]', 3, 1),
(600, '2017-05-21 10:08:08.281276', '55', 'VS_Mやり投', 1, '[{\"added\": {}}]', 3, 1),
(601, '2017-05-21 10:08:19.724467', '56', 'OP_Mやり投', 1, '[{\"added\": {}}]', 3, 1),
(602, '2017-05-21 10:09:39.809400', '57', 'OP_W100mH', 1, '[{\"added\": {}}]', 3, 1),
(603, '2017-05-21 10:14:06.956752', '58', 'OP_W5000mW', 1, '[{\"added\": {}}]', 3, 1),
(604, '2017-05-21 10:15:09.898105', '59', 'VS_W走高跳', 1, '[{\"added\": {}}]', 3, 1),
(605, '2017-05-21 10:15:35.357231', '60', 'OP_W走高跳', 1, '[{\"added\": {}}]', 3, 1),
(606, '2017-05-21 10:15:58.827066', '61', 'VS_W走幅跳', 1, '[{\"added\": {}}]', 3, 1),
(607, '2017-05-21 10:16:37.223750', '62', 'OP_W走幅跳', 1, '[{\"added\": {}}]', 3, 1),
(608, '2017-05-21 10:17:00.433425', '63', 'VS_W砲丸投', 1, '[{\"added\": {}}]', 3, 1),
(609, '2017-05-21 10:17:11.607455', '64', 'OP_W砲丸投', 1, '[{\"added\": {}}]', 3, 1),
(610, '2017-05-21 10:17:25.322156', '65', 'OP_W円盤投', 1, '[{\"added\": {}}]', 3, 1),
(611, '2017-05-21 10:17:38.864727', '66', 'OP_Wハンマー投', 1, '[{\"added\": {}}]', 3, 1),
(612, '2017-05-21 10:17:50.132839', '67', 'OP_Wやり投', 1, '[{\"added\": {}}]', 3, 1),
(613, '2017-05-21 10:22:53.492020', '3', 'GR_第71回 大阪大学・名古屋大学対校陸上競技大会M100m', 1, '[{\"added\": {}}]', 1, 1),
(614, '2017-05-21 10:23:34.064975', '4', 'GR_第71回 大阪大学・名古屋大学対校陸上競技大会M200m', 1, '[{\"added\": {}}]', 1, 1),
(615, '2017-05-21 10:26:01.366986', '5', 'GR_第71回 大阪大学・名古屋大学対校陸上競技大会M400m', 1, '[{\"added\": {}}]', 1, 1),
(616, '2017-05-21 10:26:50.741724', '6', 'GR_第71回 大阪大学・名古屋大学対校陸上競技大会M800m', 1, '[{\"added\": {}}]', 1, 1),
(617, '2017-05-21 10:27:34.946538', '7', 'GR_第71回 大阪大学・名古屋大学対校陸上競技大会M1500m', 1, '[{\"added\": {}}]', 1, 1),
(618, '2017-05-21 10:28:13.118003', '8', 'GR_第71回 大阪大学・名古屋大学対校陸上競技大会M5000m', 1, '[{\"added\": {}}]', 1, 1),
(619, '2017-05-21 10:29:16.010383', '9', 'GR_第71回 大阪大学・名古屋大学対校陸上競技大会M110mH', 1, '[{\"added\": {}}]', 1, 1),
(620, '2017-05-21 10:29:54.884828', '10', 'GR_第71回 大阪大学・名古屋大学対校陸上競技大会M400mH', 1, '[{\"added\": {}}]', 1, 1),
(621, '2017-05-21 10:30:45.356320', '11', 'GR_第71回 大阪大学・名古屋大学対校陸上競技大会M走高跳', 1, '[{\"added\": {}}]', 1, 1),
(622, '2017-05-21 10:34:37.486507', '12', 'GR_第71回 大阪大学・名古屋大学対校陸上競技大会M走幅跳', 1, '[{\"added\": {}}]', 1, 1),
(623, '2017-05-21 10:35:16.707467', '13', 'GR_第71回 大阪大学・名古屋大学対校陸上競技大会M三段跳', 1, '[{\"added\": {}}]', 1, 1),
(624, '2017-05-21 10:35:59.665327', '14', 'GR_第71回 大阪大学・名古屋大学対校陸上競技大会M砲丸投', 1, '[{\"added\": {}}]', 1, 1),
(625, '2017-05-21 10:36:33.425340', '15', 'GR_第71回 大阪大学・名古屋大学対校陸上競技大会M円盤投', 1, '[{\"added\": {}}]', 1, 1),
(626, '2017-05-21 10:37:03.079795', '16', 'GR_第71回 大阪大学・名古屋大学対校陸上競技大会Mハンマー投', 1, '[{\"added\": {}}]', 1, 1),
(627, '2017-05-21 10:38:18.604777', '17', 'GR_第71回 大阪大学・名古屋大学対校陸上競技大会Mやり投', 1, '[{\"added\": {}}]', 1, 1),
(628, '2017-05-21 10:39:30.080296', '18', 'GR_第71回 大阪大学・名古屋大学対校陸上競技大会W100m', 1, '[{\"added\": {}}]', 1, 1),
(629, '2017-05-21 10:40:04.881240', '19', 'GR_第71回 大阪大学・名古屋大学対校陸上競技大会W400m', 1, '[{\"added\": {}}]', 1, 1),
(630, '2017-05-21 10:40:57.473366', '20', 'GR_第71回 大阪大学・名古屋大学対校陸上競技大会W800m', 1, '[{\"added\": {}}]', 1, 1),
(631, '2017-05-21 10:41:26.676332', '21', 'GR_第71回 大阪大学・名古屋大学対校陸上競技大会W1500m', 1, '[{\"added\": {}}]', 1, 1),
(632, '2017-05-21 10:42:04.819270', '22', 'GR_第71回 大阪大学・名古屋大学対校陸上競技大会W走高跳', 1, '[{\"added\": {}}]', 1, 1),
(633, '2017-05-21 10:43:02.957410', '23', 'GR_第71回 大阪大学・名古屋大学対校陸上競技大会W走幅跳', 1, '[{\"added\": {}}]', 1, 1);
INSERT INTO `django_admin_log` (`id`, `action_time`, `object_id`, `object_repr`, `action_flag`, `change_message`, `content_type_id`, `user_id`) VALUES
(634, '2017-05-21 10:43:36.210813', '24', 'GR_第71回 大阪大学・名古屋大学対校陸上競技大会W砲丸投', 1, '[{\"added\": {}}]', 1, 1),
(635, '2017-05-21 14:16:13.190327', '2', 'GR_名阪戦M200m', 2, '[{\"changed\": {\"fields\": [\"mark\"]}}]', 1, 1),
(636, '2017-05-21 14:16:28.105387', '1', 'GR_名阪戦M100m', 2, '[{\"changed\": {\"fields\": [\"mark\"]}}]', 1, 1),
(637, '2017-05-21 14:46:04.297768', '68', 'VS_W3000m', 1, '[{\"added\": {}}]', 3, 1),
(638, '2017-05-21 14:46:14.874498', '69', 'OP_W3000m', 1, '[{\"added\": {}}]', 3, 1);

-- --------------------------------------------------------

--
-- テーブルの構造 `django_content_type`
--

DROP TABLE IF EXISTS `django_content_type`;
CREATE TABLE `django_content_type` (
  `id` int(11) NOT NULL,
  `app_label` varchar(100) COLLATE utf8_unicode_ci NOT NULL,
  `model` varchar(100) COLLATE utf8_unicode_ci NOT NULL
) ENGINE=InnoDB DEFAULT CHARSET=utf8 COLLATE=utf8_unicode_ci;

--
-- テーブルのデータのダンプ `django_content_type`
--

INSERT INTO `django_content_type` (`id`, `app_label`, `model`) VALUES
(6, 'admin', 'logentry'),
(9, 'auth', 'group'),
(8, 'auth', 'permission'),
(7, 'auth', 'user'),
(2, 'competitions', 'comp'),
(4, 'competitions', 'event'),
(3, 'competitions', 'eventstatus'),
(1, 'competitions', 'gr'),
(10, 'contenttypes', 'contenttype'),
(5, 'organizer', 'entry'),
(11, 'sessions', 'session');

-- --------------------------------------------------------

--
-- テーブルの構造 `django_migrations`
--

DROP TABLE IF EXISTS `django_migrations`;
CREATE TABLE `django_migrations` (
  `id` int(11) NOT NULL,
  `app` varchar(255) COLLATE utf8_unicode_ci NOT NULL,
  `name` varchar(255) COLLATE utf8_unicode_ci NOT NULL,
  `applied` datetime(6) NOT NULL
) ENGINE=InnoDB DEFAULT CHARSET=utf8 COLLATE=utf8_unicode_ci;

--
-- テーブルのデータのダンプ `django_migrations`
--

INSERT INTO `django_migrations` (`id`, `app`, `name`, `applied`) VALUES
(1, 'contenttypes', '0001_initial', '2017-05-09 08:35:48.777630'),
(2, 'auth', '0001_initial', '2017-05-09 08:35:51.178131'),
(3, 'admin', '0001_initial', '2017-05-09 08:35:51.723464'),
(4, 'admin', '0002_logentry_remove_auto_add', '2017-05-09 08:35:51.773029'),
(5, 'contenttypes', '0002_remove_content_type_name', '2017-05-09 08:35:52.066162'),
(6, 'auth', '0002_alter_permission_name_max_length', '2017-05-09 08:35:52.291539'),
(7, 'auth', '0003_alter_user_email_max_length', '2017-05-09 08:35:52.533695'),
(8, 'auth', '0004_alter_user_username_opts', '2017-05-09 08:35:52.557437'),
(9, 'auth', '0005_alter_user_last_login_null', '2017-05-09 08:35:52.738854'),
(10, 'auth', '0006_require_contenttypes_0002', '2017-05-09 08:35:52.759319'),
(11, 'auth', '0007_alter_validators_add_error_messages', '2017-05-09 08:35:52.804910'),
(12, 'auth', '0008_alter_user_username_max_length', '2017-05-09 08:35:53.057801'),
(13, 'competitions', '0001_initial', '2017-05-09 08:35:53.959398'),
(14, 'competitions', '0002_auto_20170503_2216', '2017-05-09 08:35:54.187294'),
(15, 'competitions', '0003_auto_20170505_1717', '2017-05-09 08:35:54.639249'),
(16, 'competitions', '0004_auto_20170506_0033', '2017-05-09 08:35:55.040943'),
(17, 'competitions', '0005_auto_20170506_0107', '2017-05-09 08:35:55.899802'),
(18, 'competitions', '0006_auto_20170508_2227', '2017-05-09 08:35:56.395079'),
(19, 'competitions', '0007_auto_20170508_2245', '2017-05-09 08:35:56.824951'),
(20, 'organizer', '0001_initial', '2017-05-09 08:35:57.226705'),
(21, 'sessions', '0001_initial', '2017-05-09 08:35:57.441902'),
(22, 'competitions', '0008_auto_20170514_1746', '2017-05-14 08:46:58.794644'),
(23, 'organizer', '0002_auto_20170515_0150', '2017-05-14 16:50:51.151713');

-- --------------------------------------------------------

--
-- テーブルの構造 `django_session`
--

DROP TABLE IF EXISTS `django_session`;
CREATE TABLE `django_session` (
  `session_key` varchar(40) COLLATE utf8_unicode_ci NOT NULL,
  `session_data` longtext COLLATE utf8_unicode_ci NOT NULL,
  `expire_date` datetime(6) NOT NULL
) ENGINE=InnoDB DEFAULT CHARSET=utf8 COLLATE=utf8_unicode_ci;

--
-- テーブルのデータのダンプ `django_session`
--

INSERT INTO `django_session` (`session_key`, `session_data`, `expire_date`) VALUES
('ozn8calhd0ir977zbembk8vfvdw1jt82', 'YWViNzJmNTA1MmE1ZmNhY2QzZWMxZDVkYTUxNTEzNWJjYTExZTc3OTp7Il9hdXRoX3VzZXJfYmFja2VuZCI6ImRqYW5nby5jb250cmliLmF1dGguYmFja2VuZHMuTW9kZWxCYWNrZW5kIiwiX2F1dGhfdXNlcl9oYXNoIjoiOWFiYTkxOTAzZjljODk2YmQ4ZGY3OWQ3MjBjNGRjNzc5YWM2ZmIwNCIsImNvbXBfY29kZSI6IjE3NjkyMTAxIiwiX2F1dGhfdXNlcl9pZCI6IjEifQ==', '2017-06-04 09:37:02.441982'),
('qw34vbo4cf4bcezr23yiw8292owyoxrz', 'MmIzZGUyOWM3NTdjNzY2ZmY1ZDBkZGNlNmRkZjFlODJmNmVhZjgzOTp7ImNvbXBfY29kZSI6IjEyMzQiLCJfYXV0aF91c2VyX2hhc2giOiI1ZTI4YjlkMWQ4NmQwYzMwY2UyYzIyYmE1NzlmZjc3MWEwNWZlYWEzIiwiX2F1dGhfdXNlcl9pZCI6IjIiLCJfYXV0aF91c2VyX2JhY2tlbmQiOiJkamFuZ28uY29udHJpYi5hdXRoLmJhY2tlbmRzLk1vZGVsQmFja2VuZCJ9', '2017-05-23 14:01:32.962831'),
('umchc14xt0rac6jjjy8q3zqdbvbnx13q', 'YWViNzJmNTA1MmE1ZmNhY2QzZWMxZDVkYTUxNTEzNWJjYTExZTc3OTp7Il9hdXRoX3VzZXJfYmFja2VuZCI6ImRqYW5nby5jb250cmliLmF1dGguYmFja2VuZHMuTW9kZWxCYWNrZW5kIiwiX2F1dGhfdXNlcl9oYXNoIjoiOWFiYTkxOTAzZjljODk2YmQ4ZGY3OWQ3MjBjNGRjNzc5YWM2ZmIwNCIsImNvbXBfY29kZSI6IjE3NjkyMTAxIiwiX2F1dGhfdXNlcl9pZCI6IjEifQ==', '2017-06-04 10:01:33.949527'),
('w15ucnymoda3y5k7qeadbiepeacjslwk', 'NDU2ZGM4ZDk1OWYzNjlmMDM1OGI4Yjg2NjZiOGE5NmY0ZmQ1MDY1ODp7Il9hdXRoX3VzZXJfaWQiOiIzIiwiX2F1dGhfdXNlcl9iYWNrZW5kIjoiZGphbmdvLmNvbnRyaWIuYXV0aC5iYWNrZW5kcy5Nb2RlbEJhY2tlbmQiLCJjb21wX2NvZGUiOiIxMjM0IiwiX2F1dGhfdXNlcl9oYXNoIjoiNDM4ZjI4ODhiZTIxNjAzN2NhMGFjY2Y3YTNiYmU2NzUzZjU1M2EzMCJ9', '2017-06-01 08:56:01.492580');

-- --------------------------------------------------------

--
-- テーブルの構造 `organizer_entry`
--

DROP TABLE IF EXISTS `organizer_entry`;
CREATE TABLE `organizer_entry` (
  `id` int(11) NOT NULL,
  `bib` varchar(64) COLLATE utf8_unicode_ci NOT NULL,
  `name_family` varchar(64) CHARACTER SET utf8mb4 COLLATE utf8mb4_unicode_ci NOT NULL,
  `name_first` varchar(64) CHARACTER SET utf8mb4 COLLATE utf8mb4_unicode_ci NOT NULL,
  `kana_family` varchar(64) COLLATE utf8_unicode_ci NOT NULL,
  `kana_first` varchar(64) COLLATE utf8_unicode_ci NOT NULL,
  `sex` varchar(4) COLLATE utf8_unicode_ci NOT NULL,
  `grade` varchar(64) COLLATE utf8_unicode_ci NOT NULL,
  `club` varchar(256) COLLATE utf8_unicode_ci NOT NULL,
  `jaaf_branch` varchar(64) COLLATE utf8_unicode_ci NOT NULL,
  `personal_best` varchar(6) COLLATE utf8_unicode_ci NOT NULL,
  `group` int(11) NOT NULL,
  `order_lane` int(11) NOT NULL,
  `entry_status` varchar(64) COLLATE utf8_unicode_ci NOT NULL,
  `check` tinyint(1) NOT NULL,
  `created` datetime(6) NOT NULL,
  `modified` datetime(6) NOT NULL,
  `event_status_id` int(11) NOT NULL
) ENGINE=InnoDB DEFAULT CHARSET=utf8 COLLATE=utf8_unicode_ci;

--
-- テーブルのデータのダンプ `organizer_entry`
--

INSERT INTO `organizer_entry` (`id`, `bib`, `name_family`, `name_first`, `kana_family`, `kana_first`, `sex`, `grade`, `club`, `jaaf_branch`, `personal_best`, `group`, `order_lane`, `entry_status`, `check`, `created`, `modified`, `event_status_id`) VALUES
(664, '606', '佐藤', '弘樹', 'サトウ', 'コウキ', 'M', '4', '大阪大', '富山県', '001088', -123, 1, 'Entry', 0, '2017-05-14 12:11:03.393433', '2017-05-14 12:11:03.393488', 13),
(665, '404', '手石', '雅人', 'テイシ', 'マサト', 'M', '4', '名古屋大', '愛知', '001119', -123, 2, 'Entry', 0, '2017-05-14 12:11:03.415663', '2017-05-14 12:11:03.415817', 13),
(666, '669', '本多', '健一朗', 'ホンダ', 'ケンイチロウ', 'M', '2', '大阪大', '大阪府', '001119', 1, 2, 'Entry', 0, '2017-05-14 12:11:03.441233', '2017-05-14 12:11:03.441288', 13),
(667, '403', '岩瀬', '累', 'イワセ', 'ルイ', 'M', '4', '名古屋大', '愛知', '001121', 1, 5, 'DNS', 0, '2017-05-14 12:11:03.461109', '2017-05-14 16:31:41.666360', 13),
(668, '639', '藤本', '唄司', 'フジモト', 'ウタシ', 'M', '3', '大阪大', '大阪府', '001091', 1, 3, 'Entry', 0, '2017-05-14 12:11:03.480450', '2017-05-14 13:51:49.942802', 13),
(669, '401', '橋本', '太翔', 'ハシモト', 'ヒロト', 'M', '4', '名古屋大', '福井', '001083', 1, 4, 'DNS', 0, '2017-05-14 12:11:03.506791', '2017-05-14 16:31:41.651114', 13),
(670, '624', '加地', '涼太郎', 'カジ', 'リョウタロウ', 'M', '3', '大阪大', '大阪府', '001095', 1, 6, 'Entry', 0, '2017-05-14 12:11:03.525195', '2017-05-14 12:11:03.525272', 13),
(671, '402', '山下', '拓也', 'ヤマシタ', 'タクヤ', 'M', '4', '名古屋大', '愛知', '001090', 1, 7, 'Entry', 0, '2017-05-14 12:11:03.549321', '2017-05-14 12:11:03.549410', 13),
(672, '6-1083', '近藤', '佑哉', 'コンドウ', 'ユウヤ', 'M', '3', '神戸大', '愛知', '001092', 1, 2, 'DNS', 0, '2017-05-14 12:12:04.389741', '2017-05-18 08:59:16.032356', 1),
(673, '465', '中島', '祐市', 'ナカシマ', 'ユウイチ', 'M', '3', '名古屋市立大学', '愛知', '001076', 1, 3, 'Entry', 0, '2017-05-14 12:12:04.413998', '2017-05-14 12:12:04.414058', 1),
(674, '6-2192', '小林', '大航', 'コバヤシ', 'ヒロキ', 'M', '1', '大阪市立大', '大阪', '001069', 1, 4, 'Entry', 1, '2017-05-14 12:12:04.435292', '2017-05-14 17:07:48.818120', 1),
(675, '6-1797', '高津', '良平', 'コウヅ', 'リョウヘイ', 'M', 'M1', '大阪市立大', '大阪', '001070', 1, 5, 'Entry', 1, '2017-05-14 12:12:04.466423', '2017-05-14 17:07:48.846899', 1),
(676, '402', '山下', '拓也', 'ヤマシタ', 'タクヤ', 'M', '4', '名古屋大学', '愛知', '001090', 1, 6, 'Entry', 0, '2017-05-14 12:12:04.485546', '2017-05-14 12:12:04.485592', 1),
(677, '6-2279', '喜多', '政天', 'キタ', 'マサタカ', 'M', '1', '神戸大', '奈良', '001095', 1, 7, 'Entry', 0, '2017-05-14 12:12:04.504749', '2017-05-14 12:12:04.504801', 1),
(678, '6-942', '藤原', '宇央', 'フジワラ', 'ネオ', 'M', 'M1', '大阪大', '大阪府', '001079', 1, 8, 'Entry', 0, '2017-05-14 12:12:04.525687', '2017-05-14 12:12:04.525739', 1),
(679, '608', '田中', '陽久', 'タナカ', 'アキヒサ', 'M', '4', '大阪大', '大阪府', '001111', 2, 2, 'Entry', 0, '2017-05-14 12:12:04.542693', '2017-05-14 12:12:04.542740', 1),
(680, '406', '伊ケ崎', '一哉', 'イガサキ', 'カズヤ', 'M', '2', '名古屋大学', '静岡', '001100', 2, 3, 'Entry', 0, '2017-05-14 12:12:04.562348', '2017-05-14 12:12:04.562400', 1),
(681, '6-947', '高塚', '誠司', 'タカツカ', 'セイジ', 'M', 'M1', '大阪大', '岡山県', '001090', 2, 4, 'Entry', 1, '2017-05-14 12:12:04.580179', '2017-05-14 17:07:48.864484', 1),
(682, '447', '河辺', '悦太郎', 'カワベ', 'エツタロウ', 'M', 'M1', '名古屋大学', '愛知', '001103', 2, 6, 'Entry', 0, '2017-05-14 12:12:04.602758', '2017-05-14 12:12:04.602804', 1),
(683, '6-1094', '水野', '翔太', 'ミズノ', 'ショウタ', 'M', '3', '神戸大', '大阪', '001115', 2, 7, 'Entry', 0, '2017-05-14 12:12:04.620998', '2017-05-14 12:12:04.621049', 1),
(684, '404', '手石', '雅人', 'テイシ', 'マサト', 'M', '4', '名古屋大学', '愛知', '001119', 2, 8, 'Entry', 0, '2017-05-14 12:12:04.639711', '2017-05-14 12:12:04.639771', 1),
(685, '6-1799', '村上', '隆一郎', 'ムラカミ', 'リュウイチロウ', 'M', '4', '大阪市立大', '大阪', '001125', 3, 2, 'Entry', 0, '2017-05-14 12:12:04.656629', '2017-05-14 12:12:04.656676', 1),
(686, '476', '酒寄', '直哉', 'サカヨリ', 'ナオヤ', 'M', '2', '名古屋大学', '愛知', '001120', 3, 3, 'Entry', 0, '2017-05-14 12:12:04.674225', '2017-05-14 12:12:04.674272', 1),
(687, '429', '新海', '涼司', 'シンカイ', 'リョウジ', 'M', '2', '名古屋大学', '愛知', '001119', 3, 4, 'Entry', 0, '2017-05-14 12:12:04.692113', '2017-05-14 12:12:04.692227', 1),
(688, '6-1108', '小西', '玄起', 'コニシ', 'ゲンキ', 'M', '2', '神戸大', '三重', '001120', 3, 5, 'Entry', 1, '2017-05-14 12:12:04.710286', '2017-05-14 17:07:48.881990', 1),
(689, '681', '井面', '利昂', 'イノモ', 'トシアキ', 'M', '5', '大阪大', '大阪府', '001120', 3, 6, 'Entry', 0, '2017-05-14 12:12:04.729024', '2017-05-14 12:12:04.729076', 1),
(690, '6-1832', '荒田', '一樹', 'アラタ', 'カズキ', 'M', '2', '大阪市立大', '大阪', '001125', 3, 7, 'Entry', 0, '2017-05-14 12:12:04.746533', '2017-05-14 12:12:04.746610', 1),
(691, '471', '大内', '慎也', 'オオウチ', 'シンヤ', 'M', '2', '名古屋大学', '愛知', '001130', 3, 8, 'Entry', 0, '2017-05-14 12:12:04.767197', '2017-05-14 12:12:04.767299', 1),
(692, '671', '松本', '雄志郎', 'マツモト', 'ユウシロウ', 'M', '2', '大阪大', '大阪府', '001147', 4, 2, 'Entry', 0, '2017-05-14 12:12:04.787353', '2017-05-14 12:12:04.787446', 1),
(693, '4002', '中尾', '貴大', 'ナカオ', 'タカヒロ', 'M', 'OB', 'HIDESONZ', '愛知', '001140', 4, 3, 'Entry', 0, '2017-05-14 12:12:04.813390', '2017-05-14 12:12:04.813444', 1),
(694, '6-1110', '高柳', '正徳', 'タカヤナギ', 'マサノリ', 'M', '2', '神戸大', '大阪', '001138', 4, 4, 'Entry', 0, '2017-05-14 12:12:04.836531', '2017-05-14 12:12:04.836606', 1),
(695, '6-1826', '大村', '隆人', 'オオムラ', 'リュウト', 'M', '2', '大阪市立大', '三重', '001139', 4, 5, 'Entry', 0, '2017-05-14 12:12:04.863211', '2017-05-14 12:12:04.863267', 1),
(696, '6-1085', '金丸', '和嗣', 'カナマル', 'カズシ', 'M', '3', '神戸大', '和歌山', '001145', 4, 6, 'Entry', 0, '2017-05-14 12:12:04.884775', '2017-05-14 12:12:04.884845', 1),
(697, '6-2384', '中沢', '亮', 'ナカザワ', 'リョウ', 'M', '1', '大阪市立大', '大阪', '001149', 4, 7, 'Entry', 0, '2017-05-14 12:12:04.903610', '2017-05-14 12:12:04.903657', 1),
(698, '6-1819', '志賀', '遼太朗', 'シガ', 'リョウタロウ', 'M', '3', '大阪市立大', '三重', '001150', 4, 8, 'Entry', 0, '2017-05-14 12:12:04.928234', '2017-05-14 12:12:04.928349', 1),
(699, '6-1088', '奥田', '真伍', 'オクダ', 'シンゴ', 'M', '3', '神戸大', '兵庫', '001157', 5, 2, 'Entry', 0, '2017-05-14 12:12:04.949849', '2017-05-14 12:12:04.949898', 1),
(700, '626', '神谷', '有輝', 'カミヤ', 'ユウキ', 'M', '3', '大阪大', '大阪府', '001153', 5, 3, 'Entry', 0, '2017-05-14 12:12:04.969748', '2017-05-14 12:12:04.969799', 1),
(701, '6-1107', '前田', '光雄', 'マエダ', 'ミツオ', 'M', '2', '神戸大', '大阪', '001150', 5, 4, 'Entry', 0, '2017-05-14 12:12:04.992721', '2017-05-14 12:12:04.992780', 1),
(702, '436', '山之内', '丈', 'ヤマノウチ', 'ジョウ', 'M', '4', '名古屋大学', '広島', '001153', 5, 5, 'Entry', 0, '2017-05-14 12:12:05.015023', '2017-05-14 12:12:05.015078', 1),
(703, '659', '住平', '航', 'スミヒラ', 'ワタル', 'M', '2', '大阪大', '奈良県', '001156', 5, 6, 'Entry', 0, '2017-05-14 12:12:05.034632', '2017-05-14 12:12:05.034686', 1),
(704, '6-1073', '森山', '和友', 'モリヤマ', 'カズト', 'M', '4', '神戸大', '兵庫', '001157', 5, 7, 'Entry', 0, '2017-05-14 12:12:05.052887', '2017-05-14 12:12:05.052940', 1),
(705, '6-1082', '山根', '雄', 'ヤマネ', 'ユウ', 'M', '3', '神戸大', '兵庫', '001157', 5, 8, 'Entry', 0, '2017-05-14 12:12:05.072104', '2017-05-14 12:12:05.072157', 1),
(706, '6-1101', '岡本', '健', 'オカモト', 'ケン', 'M', '2', '神戸大', '兵庫', '001170', 6, 2, 'Entry', 0, '2017-05-14 12:12:05.091482', '2017-05-14 12:12:05.091532', 1),
(707, '6-1084', '竹島', '周平', 'タケシマ', 'シュウヘイ', 'M', '3', '神戸大', '広島', '001165', 6, 3, 'Entry', 0, '2017-05-14 12:12:05.111546', '2017-05-14 12:12:05.111611', 1),
(708, '6-932', '藤', '諒健', 'フジ', 'リョウケン', 'M', 'M2', '大阪大', '徳島県', '001160', 6, 4, 'Entry', 0, '2017-05-14 12:12:05.130967', '2017-05-14 12:12:05.131027', 1),
(709, '6-943', '山本', '浩右', 'ヤマモト', 'コウスケ', 'M', 'M1', '大阪大', '和歌山県', '001164', 6, 5, 'Entry', 0, '2017-05-14 12:12:05.149981', '2017-05-14 12:12:05.150035', 1),
(710, '6-1119', '小山', '一志', 'コヤマ', 'カズシ', 'M', '3', '神戸大', '兵庫', '001170', 6, 6, 'Entry', 0, '2017-05-14 12:12:05.169545', '2017-05-14 12:12:05.169594', 1),
(711, '410', '藤原', '聡一郎', 'フジワラ', 'ソウイチロウ', 'M', '4', '名古屋大学', '愛知', '001170', 6, 7, 'Entry', 0, '2017-05-14 12:12:05.187247', '2017-05-14 12:12:05.187296', 1),
(712, '662', '田中', '俊輔', 'タナカ', 'シュンスケ', 'M', '2', '大阪大', '大阪府', '001171', 6, 8, 'Entry', 0, '2017-05-14 12:12:05.206667', '2017-05-14 12:12:05.206715', 1),
(713, '6-1822', '松島', '陽平', 'マツシマ', 'ヨウヘイ', 'M', '3', '大阪市立大', '大阪', '001184', 8, 2, 'Entry', 0, '2017-05-14 12:12:05.225311', '2017-05-14 12:12:05.225376', 1),
(714, '6-2194', '源', '識之相', 'ミナモト', 'シンノスケ', 'M', '1', '大阪市立大', '大阪', '001180', 8, 3, 'Entry', 0, '2017-05-14 12:12:05.246139', '2017-05-14 12:12:05.246188', 1),
(715, '650', '片山', '虎之介', 'カタヤマ', 'トラノスケ', 'M', '2', '大阪大', '奈良県', '001172', 8, 4, 'Entry', 0, '2017-05-14 12:12:05.264912', '2017-05-14 12:12:05.265072', 1),
(716, '6-1100', '小谷', '祥吾', 'コタニ', 'ショウゴ', 'M', '2', '神戸大', '兵庫', '001177', 8, 5, 'Entry', 0, '2017-05-14 12:12:05.286019', '2017-05-14 12:12:05.286071', 1),
(717, '433', '伊藤', '駿一郎', 'イトウ', 'シュンイチロウ', 'M', '2', '名古屋大学', '愛知', '001180', 8, 6, 'Entry', 0, '2017-05-14 12:12:05.305290', '2017-05-14 12:12:05.305453', 1),
(718, '665', '信定', '佑紀', 'ノブサダ', 'ユウキ', 'M', '2', '大阪大', '岡山県', '001185', 8, 7, 'Entry', 0, '2017-05-14 12:12:05.325971', '2017-05-14 12:12:05.326021', 1),
(719, '6-1811', '藤川', '健斗', 'フジカワ', 'ケント', 'M', '4', '大阪市立大', '兵庫', '001189', 8, 8, 'Entry', 0, '2017-05-14 12:12:05.345001', '2017-05-14 12:12:05.345160', 1),
(720, '6-946', '國田', '凌輝', 'クニタ', 'リョウキ', 'M', 'M1', '大阪大', '三重県', '001120', 9, 2, 'Entry', 0, '2017-05-14 12:12:05.366078', '2017-05-14 12:12:05.366133', 1),
(721, '657', '柴垣', '向志', 'シバガキ', 'コウシ', 'M', '2', '大阪大', '大阪府', '001192', 9, 3, 'Entry', 0, '2017-05-14 12:12:05.384125', '2017-05-14 12:12:05.384174', 1),
(722, '4001', '下村', '遼', 'シモムラ', 'ハルカ', 'M', 'OB', '愛知陸協', '愛知', '001190', 9, 4, 'Entry', 0, '2017-05-14 12:12:05.403220', '2017-05-14 12:12:05.403277', 1),
(723, '4003', '松尾', '頼憲', 'マツオ', 'ヨシノリ', 'M', 'OB', '伊勢RC', '三重', '001192', 9, 5, 'Entry', 0, '2017-05-14 12:12:05.421082', '2017-05-14 12:12:05.421130', 1),
(724, '660', '仙石', '樹', 'センゴク', 'イツキ', 'M', '2', '大阪大', '大阪府', '001193', 9, 6, 'Entry', 0, '2017-05-14 12:12:05.440716', '2017-05-14 12:12:05.440862', 1),
(725, '2733', '山本', '尚季', 'ヤマモト', 'ナオキ', 'M', 'OB', '神戸市陸協', '兵庫県', '001120', 9, 7, 'Entry', 0, '2017-05-14 12:12:05.458838', '2017-05-14 12:12:05.458894', 1),
(726, '645', '大西', '淳矢', 'オオニシ', 'ジュンヤ', 'M', '2', '大阪大', '大阪府', '001123', 9, 8, 'Entry', 0, '2017-05-14 12:12:05.477362', '2017-05-14 12:12:05.477410', 1),
(727, '6-755', '小野', '貴裕', 'オノ', 'タカヒロ', 'M', '2', '京都大', '京都', '001150', 10, 2, 'Entry', 0, '2017-05-14 12:12:05.496899', '2017-05-14 12:12:05.496978', 1),
(728, '6-745', '平島', '敬也', 'ヒラシマ', 'ケイヤ', 'M', '2', '京都大', '福岡', '001136', 10, 3, 'Entry', 0, '2017-05-14 12:12:05.534958', '2017-05-14 12:12:05.535008', 1),
(729, '6-687', '林', '聖也', 'ハヤシ', 'セイヤ', 'M', '4', '京都大', '京都', '001130', 10, 4, 'Entry', 0, '2017-05-14 12:12:05.554526', '2017-05-14 12:12:05.554576', 1),
(730, '6-724', '岡本', '和也', 'オカモト', 'カズヤ', 'M', '3', '京都大', '大阪', '001130', 10, 5, 'Entry', 0, '2017-05-14 12:12:05.571897', '2017-05-14 12:12:05.571946', 1),
(731, '6-705', '神先', '宏樹', 'カミサキ', 'ヒロキ', 'M', '3', '京都大', '兵庫', '001150', 10, 6, 'Entry', 0, '2017-05-14 12:12:05.591381', '2017-05-14 12:12:05.591435', 1),
(732, '6-738', '西脇', '友哉', 'ニシワキ', 'トモヤ', 'M', '2', '京都大', '京都', '001160', 10, 7, 'Entry', 0, '2017-05-14 12:12:05.611171', '2017-05-14 12:12:05.611228', 1),
(733, '6-688', '清水', '良輔', 'シミズ', 'リョウスケ', 'M', '4', '京都大', '群馬', '001169', 10, 8, 'Entry', 0, '2017-05-14 12:12:05.629628', '2017-05-14 12:12:05.629676', 1),
(734, '6-747', '松井', 'そら', 'マツイ', 'ソラ', 'M', '2', '京都大', '京都', '001185', 11, 2, 'Entry', 0, '2017-05-14 12:12:05.648253', '2017-05-14 12:12:05.648302', 1),
(735, '6-756', '田中', '智也', 'タナカ', 'トモヤ', 'M', '2', '京都大', '奈良', '001170', 11, 3, 'Entry', 0, '2017-05-14 12:12:05.668066', '2017-05-14 12:12:05.668122', 1),
(736, '6-692', '珍坂', '涼太', 'チンザカ', 'リョウタ', 'M', '4', '京都大', '大阪', '001170', 11, 4, 'Entry', 0, '2017-05-14 12:12:05.687310', '2017-05-14 12:12:05.687364', 1),
(737, '6-699', '眞杉', '陸', 'マスギ', 'リク', 'M', '4', '京都大', '奈良', '001170', 11, 5, 'Entry', 0, '2017-05-14 12:12:05.707398', '2017-05-14 12:12:05.707444', 1),
(738, '618', '岩谷', '力也', 'イワタニ', 'リキヤ', 'M', '3', '大阪大', '大阪府', '001180', 11, 6, 'Entry', 0, '2017-05-14 12:12:05.726755', '2017-05-14 12:12:05.726809', 1),
(739, '6-952', '黒江', '裕貴', 'クロエ', 'ユウキ', 'M', 'M1', '大阪大', '京都府', '001190', 11, 7, 'Entry', 0, '2017-05-14 12:12:05.745764', '2017-05-14 12:12:05.745816', 1),
(740, '628', '北村', '匠', 'キタムラ', 'タクミ', 'M', '3', '大阪大', '高知県', '001191', 11, 8, 'Entry', 0, '2017-05-14 12:12:05.765060', '2017-05-14 12:12:05.765112', 1),
(741, '613', '藪内', '直孝', 'ヤブウチ', 'ナオタカ', 'M', '4', '大阪大', '大阪府', '001200', 12, 2, 'Entry', 0, '2017-05-14 12:12:05.784051', '2017-05-14 12:12:05.784107', 1),
(742, '6-2311', '野崎', '佑一', 'ノザキ', 'ユウイチ', 'M', '1', '神戸大', '滋賀', '001200', 12, 3, 'Entry', 0, '2017-05-14 12:12:05.801683', '2017-05-14 12:12:05.801738', 1),
(743, '658', '杉田', '幸輝', 'スギタ', 'コウキ', 'M', '2', '大阪大', '0', '001196', 12, 4, 'Entry', 0, '2017-05-14 12:12:05.820468', '2017-05-14 12:12:05.820517', 1),
(744, '450', '大道', '卓也', 'オオミチ', 'タクヤ', 'M', '5', '名古屋大学', '三重', '001200', 12, 6, 'Entry', 0, '2017-05-14 12:12:05.843451', '2017-05-14 12:12:05.843514', 1),
(745, '467', '成田', '周平', 'ナリタ', 'シュウヘイ', 'M', '3', '名古屋大学', '新潟', '001230', 12, 7, 'Entry', 0, '2017-05-14 12:12:05.862178', '2017-05-14 12:12:05.862228', 1),
(746, '6-693', '浅野', '智司', 'アサノ', 'サトシ', 'M', '4', '京都大', '滋賀', '001234', 12, 8, 'Entry', 0, '2017-05-14 12:12:05.880020', '2017-05-14 12:12:05.880073', 1),
(747, '4956', '細田', '真広', 'ホソダ', 'マサヒロ', 'M', 'OB', '満点クラブ', '大阪府', '001300', 13, 2, 'Entry', 0, '2017-05-14 12:12:05.901137', '2017-05-14 12:12:05.901186', 1),
(748, '688', '齋藤', '宣樹', 'サイトウ', 'ノブキ', 'M', '1', '大阪大', '大阪府', '001235', 13, 3, 'Entry', 0, '2017-05-14 12:12:05.917824', '2017-05-14 12:12:05.917879', 1),
(749, '6-694', '金子', '渓人', 'カネコ', 'ケイト', 'M', '4', '京都大', '愛知', '001234', 13, 4, 'Entry', 0, '2017-05-14 12:12:05.935667', '2017-05-14 12:12:05.935736', 1),
(750, '6-2310', '谷口', '聖太', 'タニグチ', 'ショウタ', 'M', '1', '神戸大', '大阪', '001240', 13, 5, 'Entry', 0, '2017-05-14 12:12:05.953082', '2017-05-14 12:12:05.953131', 1),
(751, '6-926', '酒井', '政宏', 'サカイ', 'マサヒロ', 'M', 'D2', '大阪大', '大阪府', '001300', 13, 6, 'Entry', 0, '2017-05-14 12:12:05.970418', '2017-05-14 12:12:05.970467', 1),
(752, '2703', '高橋', '遼', 'タカハシ', 'リョウ', 'M', 'OB', '桃陰クラブ', '大阪府', '001300', 13, 7, 'Entry', 0, '2017-05-14 12:12:05.988551', '2017-05-14 12:12:05.988600', 1),
(753, '6-1096', '神田', '実', 'カンダ', 'ミノリ', 'M', '2', '神戸大', '兵庫', '001300', 14, 1, 'Entry', 0, '2017-05-14 12:12:06.007205', '2017-05-14 12:12:06.007261', 1),
(755, '6-1118', '木原', '日向', 'キハラ', 'ヒナタ', 'M', '3', '神戸大', '大阪', '001300', 14, 3, 'Entry', 0, '2017-05-14 12:12:06.046522', '2017-05-14 12:12:06.046572', 1),
(756, '6-1052', '山下', '雄大', 'ヤマシタ', 'タカヒロ', 'M', 'M2', '神戸大', '京都', '001300', 14, 4, 'Entry', 0, '2017-05-14 12:12:06.064717', '2017-05-14 12:12:06.064767', 1),
(757, '6-1117', '長友', '敬晃', 'ナガトモ', 'タカアキ', 'M', '2', '神戸大', '宮崎', '001300', 14, 5, 'Entry', 0, '2017-05-14 12:12:06.082754', '2017-05-14 12:12:06.082802', 1),
(758, '6-1090', '西村', '拓海', 'ニシムラ', 'タクミ', 'M', '3', '神戸大', '兵庫', '001300', 14, 6, 'Entry', 0, '2017-05-14 12:12:06.100273', '2017-05-14 12:12:06.100325', 1),
(759, '6-1077', '大塚', '健太郎', 'オオツカ', 'ケンタロウ', 'M', '4', '神戸大', '兵庫', '001300', 14, 7, 'Entry', 0, '2017-05-14 12:12:06.118487', '2017-05-14 12:12:06.118534', 1),
(760, '6-1061', '瀧瀬', '祥良', 'タキセ', 'アキラ', 'M', '4', '神戸大', '京都', '001300', 14, 8, 'Entry', 0, '2017-05-14 12:12:06.136227', '2017-05-14 12:12:06.136278', 1),
(761, '677', '木下', '将一', 'キノシタ', 'ショウイチ', 'M', '1', '大阪大', '兵庫県', '001528', 15, 2, 'Entry', 0, '2017-05-14 12:12:06.154175', '2017-05-14 12:12:06.154239', 1),
(762, '652', '川根', '聖矢', 'カワネ', 'セイヤ', 'M', '2', '大阪大', '京都府', '001528', 15, 3, 'Entry', 0, '2017-05-14 12:12:06.166928', '2017-05-14 12:12:06.166982', 1),
(763, '642', '吉國', '利啓', 'ヨシクニ', 'カツヒロ', 'M', '3', '大阪大', '兵庫県', '001528', 15, 4, 'Entry', 0, '2017-05-14 12:12:06.184198', '2017-05-14 12:12:06.184251', 1),
(764, '647', '大曲', '和輝', 'オオマガリ', 'カズキ', 'M', '2', '大阪大', '大阪府', '001528', 15, 5, 'Entry', 0, '2017-05-14 12:12:06.196757', '2017-05-14 12:12:06.196806', 1),
(765, '673', '山本', '誉志樹', 'ヤマモト', 'ヨシキ', 'M', '2', '大阪大', '兵庫県', '001528', 15, 6, 'Entry', 0, '2017-05-14 12:12:06.214262', '2017-05-14 12:12:06.214309', 1),
(766, '6-2273', '棚原', '大介', 'タナハラ', 'ダイスケ', 'M', '1', '大阪大', '大阪府', '001528', 15, 7, 'Entry', 0, '2017-05-14 12:12:06.232198', '2017-05-14 12:12:06.232245', 1),
(767, '6-1029', '澤田', '隆成', 'サワダ', 'リュウセイ', 'M', '2', '大阪大', '大阪府', '000000', -1, 2, 'Entry', 0, '2017-05-14 12:12:06.249491', '2017-05-14 15:38:40.962424', 1),
(768, '5589', '溝端', '竜也', 'ミゾバタ', 'リュウヤ', 'M', 'OB', '満点クラブ', '大阪府', '001610', -1, 3, 'Entry', 0, '2017-05-14 12:12:06.267695', '2017-05-14 15:38:40.979474', 1),
(769, '686', '尾原', '正人', 'オハラ', 'マサト', 'M', '1', '大阪大', '静岡県', '001528', -1, 4, 'Entry', 0, '2017-05-14 12:12:06.285234', '2017-05-14 15:38:40.997131', 1),
(770, '687', '井内', '光', 'イウチ', 'カル', 'M', '1', '大阪大', '大阪府', '001528', -1, 5, 'Entry', 0, '2017-05-14 12:12:06.302189', '2017-05-14 15:38:41.012435', 1),
(771, '491', 'サーカー', '慎悟', 'サーカー', 'シンゴ', 'M', '2', '名古屋大学', '愛知', '000000', -1, 6, 'Entry', 0, '2017-05-14 12:12:06.320181', '2017-05-14 15:38:41.028589', 1),
(772, '685', '川添', '洋祐', 'カワゾエ', 'ヨウスケ', 'M', '1', '大阪大', '鹿児島', '000000', -1, 7, 'Entry', 0, '2017-05-14 12:12:06.337196', '2017-05-14 15:38:19.158223', 1),
(773, '6-947', '高塚', '誠司', 'タカツカ', 'セイジ', 'M', 'M1', '大阪大', '岡山県', '002190', 1, 2, 'Entry', 0, '2017-05-14 12:12:06.460108', '2017-05-14 12:12:06.460178', 3),
(774, '6-1797', '高津', '良平', 'コウヅ', 'リョウヘイ', 'M', 'M1', '大阪市立大', '大阪', '002177', 1, 3, 'Entry', 0, '2017-05-14 12:12:06.487282', '2017-05-14 12:12:06.487330', 3),
(775, '6-2192', '小林', '大航', 'コバヤシ', 'ヒロキ', 'M', '1', '大阪市立大', '大阪', '002150', 1, 4, 'DNS', 0, '2017-05-14 12:12:06.508412', '2017-05-18 01:53:12.721393', 3),
(776, '465', '中島', '祐市', 'ナカシマ', 'ユウイチ', 'M', '3', '名古屋市立大学', '愛知', '002168', 1, 5, 'Entry', 0, '2017-05-14 12:12:06.529788', '2017-05-14 12:12:06.529836', 3),
(777, '6-942', '藤原', '宇央', 'フジワラ', 'ネオ', 'M', 'M1', '大阪大', '大阪府', '002155', 1, 6, 'DNS', 0, '2017-05-14 12:12:06.551340', '2017-05-18 01:53:12.746842', 3),
(778, '6-1094', '水野', '翔太', 'ミズノ', 'ショウタ', 'M', '3', '神戸大', '大阪', '002222', 1, 7, 'Entry_2', 1, '2017-05-14 12:12:06.570593', '2017-05-18 01:53:12.764492', 3),
(779, '6-1083', '近藤', '佑哉', 'コンドウ', 'ユウヤ', 'M', '3', '神戸大', '愛知', '002234', 1, 8, 'Entry', 0, '2017-05-14 12:12:06.592172', '2017-05-14 12:12:06.592220', 3),
(780, '6-1799', '村上', '隆一郎', 'ムラカミ', 'リュウイチロウ', 'M', '4', '大阪市立大', '大阪', '002280', 2, 2, 'Entry', 0, '2017-05-14 12:12:06.614731', '2017-05-14 12:12:06.614781', 3),
(781, '406', '伊ケ崎', '一哉', 'イガサキ', 'カズヤ', 'M', '2', '名古屋大学', '静岡', '002250', 2, 3, 'Entry', 0, '2017-05-14 12:12:06.634735', '2017-05-14 12:12:06.634790', 3),
(782, '677', '木下', '将一', 'キノシタ', 'ショウイチ', 'M', '1', '大阪大', '兵庫県', '002234', 2, 4, 'Entry', 0, '2017-05-14 12:12:06.653285', '2017-05-14 12:12:06.653330', 3),
(783, '447', '河辺', '悦太郎', 'カワベ', 'エツタロウ', 'M', 'M1', '名古屋大学', '愛知', '002240', 2, 5, 'Entry', 0, '2017-05-14 12:12:06.677539', '2017-05-14 12:12:06.677594', 3),
(784, '6-951', '小口', '伸', 'コグチ', 'シン', 'M', 'M1', '大阪大', '岡山県', '002254', 2, 6, 'Entry', 0, '2017-05-14 12:12:06.695602', '2017-05-14 12:12:06.695817', 3),
(785, '6-1073', '森山', '和友', 'モリヤマ', 'カズト', 'M', '4', '神戸大', '兵庫', '002289', 2, 7, 'Entry', 0, '2017-05-14 12:12:06.713672', '2017-05-14 12:12:06.713721', 3),
(786, '6-724', '岡本', '和也', 'オカモト', 'カズヤ', 'M', '3', '京都大', '大阪', '002250', 2, 8, 'Entry', 0, '2017-05-14 12:12:06.731884', '2017-05-14 12:12:06.731939', 3),
(787, '6-705', '神先', '宏樹', 'カミサキ', 'ヒロキ', 'M', '3', '京都大', '兵庫', '002281', 3, 3, 'Entry', 0, '2017-05-14 12:12:06.753259', '2017-05-14 12:12:06.753311', 3),
(788, '6-946', '國田', '凌輝', 'クニタ', 'リョウキ', 'M', 'M1', '大阪大', '三重県', '002254', 3, 4, 'Entry', 0, '2017-05-14 12:12:06.770567', '2017-05-14 12:12:06.770648', 3),
(789, '607', '佐野', '佑城', 'サノ', 'ユウキ', 'M', '4', '大阪大', '大阪府', '002265', 3, 5, 'Entry', 0, '2017-05-14 12:12:06.789306', '2017-05-14 12:12:06.789353', 3),
(790, '6-699', '眞杉', '陸', 'マスギ', 'リク', 'M', '4', '京都大', '奈良', '002290', 3, 6, 'Entry', 0, '2017-05-14 12:12:06.807293', '2017-05-14 12:12:06.807340', 3),
(791, '6-1819', '志賀', '遼太朗', 'シガ', 'リョウタロウ', 'M', '3', '大阪市立大', '三重', '002300', 3, 7, 'Entry', 0, '2017-05-14 12:12:06.825073', '2017-05-14 12:12:06.825119', 3),
(792, '6-2387', '福田', '将大', 'フクダ', 'ショウタ', 'M', '1', '大阪市立大', '大阪', '002300', 3, 8, 'Entry', 0, '2017-05-14 12:12:06.841902', '2017-05-14 12:12:06.841949', 3),
(793, '6-1107', '前田', '光雄', 'マエダ', 'ミツオ', 'M', '2', '神戸大', '大阪', '002308', 4, 2, 'Entry', 0, '2017-05-14 12:12:06.860287', '2017-05-14 12:12:06.860333', 3),
(794, '429', '新海', '涼司', 'シンカイ', 'リョウジ', 'M', '2', '名古屋大学', '愛知', '002303', 4, 3, 'Entry', 0, '2017-05-14 12:12:06.877653', '2017-05-14 12:12:06.877706', 3),
(795, '462', '鈴木', '日向', 'スズキ', 'ヒュウガ', 'M', '3', '名古屋大学', '愛知', '002300', 4, 4, 'Entry', 0, '2017-05-14 12:12:06.896800', '2017-05-14 12:12:06.896847', 3),
(796, '410', '藤原', '聡一郎', 'フジワラ', 'ソウイチロウ', 'M', '4', '名古屋大学', '愛知', '002300', 4, 5, 'Entry', 0, '2017-05-14 12:12:06.915628', '2017-05-14 12:12:06.915681', 3),
(797, '650', '片山', '虎之介', 'カタヤマ', 'トラノスケ', 'M', '2', '大阪大', '奈良県', '002303', 4, 6, 'Entry', 0, '2017-05-14 12:12:06.933828', '2017-05-14 12:12:06.933882', 3),
(798, '6-1088', '奥田', '真伍', 'オクダ', 'シンゴ', 'M', '3', '神戸大', '兵庫', '002320', 4, 7, 'Entry', 0, '2017-05-14 12:12:06.952886', '2017-05-14 12:12:06.952938', 3),
(799, '6-1082', '山根', '雄', 'ヤマネ', 'ユウ', 'M', '3', '神戸大', '兵庫', '002320', 4, 8, 'Entry', 0, '2017-05-14 12:12:06.971137', '2017-05-14 12:12:06.971189', 3),
(800, '6-1085', '金丸', '和嗣', 'カナマル', 'カズシ', 'M', '3', '神戸大', '和歌山', '002344', 5, 2, 'Entry', 0, '2017-05-14 12:12:06.989451', '2017-05-14 12:12:06.989498', 3),
(801, '6-2279', '喜多', '政天', 'キタ', 'マサタカ', 'M', '1', '神戸大', '奈良', '002340', 5, 3, 'Entry', 0, '2017-05-14 12:12:07.008431', '2017-05-14 12:12:07.008483', 3),
(802, '608', '田中', '陽久', 'タナカ', 'アキヒサ', 'M', '4', '大阪大', '大阪府', '002328', 5, 4, 'Entry', 0, '2017-05-14 12:12:07.026657', '2017-05-14 12:12:07.026708', 3),
(803, '602', '井筒', '功貴', 'イヅツ', 'コウキ', 'M', '4', '大阪大', '奈良県', '002334', 5, 5, 'Entry', 0, '2017-05-14 12:12:07.043375', '2017-05-14 12:12:07.043430', 3),
(804, '6-1101', '岡本', '健', 'オカモト', 'ケン', 'M', '2', '神戸大', '兵庫', '002342', 5, 6, 'Entry', 0, '2017-05-14 12:12:07.061089', '2017-05-14 12:12:07.061147', 3),
(805, '671', '松本', '雄志郎', 'マツモト', 'ユウシロウ', 'M', '2', '大阪大', '大阪府', '002350', 5, 7, 'Entry', 0, '2017-05-14 12:12:07.082361', '2017-05-14 12:12:07.082413', 3),
(806, '6-2272', '宮滝', '雅己', 'ミヤタキ', 'マサキ', 'M', '1', '大阪大', '大阪府', '002350', 5, 8, 'Entry', 0, '2017-05-14 12:12:07.103284', '2017-05-14 12:12:07.103335', 3),
(807, '6-738', '西脇', '友哉', 'ニシワキ', 'トモヤ', 'M', '2', '京都大', '京都', '002308', 6, 2, 'Entry', 0, '2017-05-14 12:12:07.126203', '2017-05-14 12:12:07.126259', 3),
(808, '611', '平谷', '光佑', 'ヒラタニ', 'コウスケ', 'M', '4', '大阪大', '和歌山県', '002300', 6, 3, 'Entry', 0, '2017-05-14 12:12:07.148851', '2017-05-14 12:12:07.148903', 3),
(809, '6-1832', '荒田', '一樹', 'アラタ', 'カズキ', 'M', '2', '大阪市立大', '大阪', '002357', 6, 4, 'Entry', 0, '2017-05-14 12:12:07.172876', '2017-05-14 12:12:07.172927', 3),
(810, '626', '神谷', '有輝', 'カミヤ', 'ユウキ', 'M', '3', '大阪大', '大阪府', '002370', 6, 5, 'Entry', 0, '2017-05-14 12:12:07.194564', '2017-05-14 12:12:07.194619', 3),
(811, '2733', '山本', '尚季', 'ヤマモト', 'ナオキ', 'M', 'OB', '神戸市陸協', '兵庫県', '002300', 6, 6, 'Entry', 0, '2017-05-14 12:12:07.212358', '2017-05-14 12:12:07.212414', 3),
(812, '6-688', '清水', '良輔', 'シミズ', 'リョウスケ', 'M', '4', '京都大', '群馬', '002340', 6, 7, 'Entry', 0, '2017-05-14 12:12:07.230825', '2017-05-14 12:12:07.230877', 3),
(813, '450', '大道', '卓也', 'オオミチ', 'タクヤ', 'M', '5', '名古屋大学', '三重', '002400', 7, 3, 'Entry', 0, '2017-05-14 12:12:07.248146', '2017-05-14 13:55:59.569230', 3),
(814, '6-756', '田中', '智也', 'タナカ', 'トモヤ', 'M', '2', '京都大', '奈良', '002350', 7, 4, 'Entry', 0, '2017-05-14 12:12:07.270100', '2017-05-14 14:05:30.521770', 3),
(815, '658', '杉田', '幸輝', 'スギタ', 'コウキ', 'M', '2', '大阪大', '0', '002395', 7, 5, 'Entry', 0, '2017-05-14 12:12:07.288226', '2017-05-14 14:05:09.016172', 3),
(816, '4001', '下村', '遼', 'シモムラ', 'ハルカ', 'M', 'OB', '愛知陸協', '愛知', '002400', 7, 6, 'Entry', 0, '2017-05-14 12:12:07.309166', '2017-05-14 13:55:59.585821', 3),
(817, '628', '北村', '匠', 'キタムラ', 'タクミ', 'M', '3', '大阪大', '高知県', '002438', 8, 2, 'Entry', 0, '2017-05-14 12:12:07.326973', '2017-05-14 12:12:07.327023', 3),
(818, '660', '仙石', '樹', 'センゴク', 'イツキ', 'M', '2', '大阪大', '大阪府', '002446', 8, 3, 'Entry', 0, '2017-05-14 12:12:07.344666', '2017-05-14 12:12:07.344711', 3),
(819, '659', '住平', '航', 'スミヒラ', 'ワタル', 'M', '2', '大阪大', '奈良県', '002416', 8, 4, 'Entry', 0, '2017-05-14 12:12:07.364153', '2017-05-14 12:12:07.364202', 3),
(820, '665', '信定', '佑紀', 'ノブサダ', 'ユウキ', 'M', '2', '大阪大', '岡山県', '002419', 8, 5, 'Entry', 0, '2017-05-14 12:12:07.380329', '2017-05-14 12:12:07.380384', 3),
(821, '613', '藪内', '直孝', 'ヤブウチ', 'ナオタカ', 'M', '4', '大阪大', '大阪府', '002450', 8, 6, 'Entry', 0, '2017-05-14 12:12:07.399388', '2017-05-14 12:12:07.399436', 3),
(822, '6-666', '豊本', '竜希', 'トヨモト', 'リュウキ', 'M', 'M2', '京都大', '富山', '002550', 8, 7, 'Entry', 0, '2017-05-14 12:12:07.417376', '2017-05-14 12:12:07.417442', 3),
(823, '491', 'サーカー', '慎悟', 'サーカー', 'シンゴ', 'M', '2', '名古屋大学', '愛知', '000000', 8, 8, 'Entry', 0, '2017-05-14 12:12:07.434498', '2017-05-14 12:12:07.434546', 3),
(824, '6-751', '三谷', '圭', 'ミタニ', 'ケイ', 'M', '2', '京都大', '長崎', '002440', 1, 1, 'Entry', 0, '2017-05-14 12:12:35.549393', '2017-05-14 12:12:35.549442', 11),
(825, '6-727', '大橋', '悟', 'オオハシ', 'サトル', 'M', '2', '京都大', '京都', '003000', 1, 2, 'Entry', 0, '2017-05-14 12:12:35.569529', '2017-05-14 12:12:35.569576', 11),
(826, '6-693', '浅野', '智司', 'アサノ', 'サトシ', 'M', '4', '京都大', '滋賀', '004313', 1, 3, 'Entry', 0, '2017-05-14 12:12:35.586878', '2017-05-14 12:12:35.586924', 11),
(827, '6-658', '若園', '直樹', 'ワカゾノ', 'ナオキ', 'M', 'M1', '京都大', '愛知', '004878', 1, 4, 'Entry', 0, '2017-05-14 12:12:35.611736', '2017-05-14 12:12:35.611821', 11),
(828, '6-679', '澤', '薫', 'サワ', 'カオル', 'M', '4', '京都大', '滋賀', '004303', 1, 1, 'DNS', 0, '2017-05-14 12:12:35.630376', '2017-05-14 16:46:20.420184', 9),
(829, '6-755', '小野', '貴裕', 'オノ', 'タカヒロ', 'M', '2', '京都大', '京都', '002000', 1, 1, 'Entry', 0, '2017-05-14 12:12:35.648021', '2017-05-14 12:12:35.648068', 10),
(830, '6-747', '松井', 'そら', 'マツイ', 'ソラ', 'M', '2', '京都大', '京都', '002391', 1, 2, 'Entry', 0, '2017-05-14 12:12:35.666324', '2017-05-14 12:12:35.666376', 10),
(831, '6-2518', '高畑', '大地', 'タカハタ', 'ダイチ', 'M', '1', '神戸大', '兵庫', '002500', 1, 3, 'Entry', 0, '2017-05-14 12:12:35.684267', '2017-05-14 12:12:35.684314', 10),
(832, '6-679', '澤', '薫', 'サワ', 'カオル', 'M', '4', '京都大', '滋賀', '002779', 1, 4, 'Entry', 0, '2017-05-14 12:12:35.702940', '2017-05-14 12:12:35.702987', 10),
(833, '6-745', '平島', '敬也', 'ヒラシマ', 'ケイヤ', 'M', '2', '京都大', '福岡', '002888', 1, 5, 'Entry', 0, '2017-05-14 12:12:35.720914', '2017-05-14 12:12:35.720968', 10),
(834, '6-694', '金子', '渓人', 'カネコ', 'ケイト', 'M', '4', '京都大', '愛知', '002949', 1, 6, 'Entry', 0, '2017-05-14 12:12:35.739150', '2017-05-14 12:12:35.739202', 10),
(835, '4003', '松尾', '頼憲', 'マツオ', 'ヨシノリ', 'M', 'OB', '伊勢RC', '三重', '003233', 1, 7, 'Entry', 0, '2017-05-14 12:12:35.756648', '2017-05-14 12:12:35.756730', 10),
(836, '6-727', '大橋', '悟', 'オオハシ', 'サトル', 'M', '2', '京都大', '京都', '003730', 1, 8, 'Entry', 0, '2017-05-14 12:12:35.775803', '2017-05-14 12:12:35.775851', 10),
(837, '6-2386', '廣嶋', '伸哉', 'ヒロシマ', 'シンヤ', 'M', '1', '大阪市立大', '大阪', '001240', 1, 1, 'Entry', 0, '2017-05-14 12:12:35.794015', '2017-05-14 12:12:35.794069', 8),
(838, '6-926', '酒井', '政宏', 'サカイ', 'マサヒロ', 'M', 'D2', '大阪大', '大阪府', '001300', 1, 2, 'Entry', 0, '2017-05-14 12:12:35.812020', '2017-05-14 12:12:35.812066', 8),
(839, '640', '藤本', '一帆', 'フジモト', 'カズホ', 'M', '3', '大阪大', '兵庫県', '001314', 1, 3, 'Entry', 0, '2017-05-14 12:12:35.831630', '2017-05-14 12:12:35.831686', 8),
(840, '439', '五十嵐', '早登', 'イガラシ', 'ハヤト', 'M', '2', '名古屋大学', '福井', '001342', 1, 4, 'Entry', 0, '2017-05-14 12:12:35.849566', '2017-05-14 12:12:35.849617', 8),
(841, '6-938', '門脇', '駿', 'カドワキ', 'タカシ', 'M', 'M2', '大阪大', '大阪府', '001350', 1, 5, 'Entry', 0, '2017-05-14 12:12:35.870045', '2017-05-14 12:12:35.870093', 8),
(842, '437', '浜島', '裕亮', 'ハマジマ', 'ユウスケ', 'M', '3', '名古屋大学', '愛知', '001408', 1, 6, 'Entry', 0, '2017-05-14 12:12:35.888675', '2017-05-14 12:12:35.888722', 8),
(843, '6-725', '伊東', '悠希', 'イトウ', 'ハルキ', 'M', '3', '京都大', '東京', '001429', 1, 7, 'Entry', 0, '2017-05-14 12:12:35.919675', '2017-05-14 12:12:35.919727', 8),
(844, '6-2194', '源', '識之相', 'ミナモト', 'シンノスケ', 'M', '1', '大阪市立大', '大阪', '001458', 1, 8, 'Entry', 0, '2017-05-14 12:12:35.938645', '2017-05-14 12:12:35.938749', 8),
(845, '6-1098', '小西', '満', 'コニシ', 'ミツル', 'M', '2', '神戸大', '兵庫', '000180', 1, 3, 'DNS', 0, '2017-05-14 12:12:35.964121', '2017-05-14 16:46:05.649582', 6),
(846, '601', '生野', '雄大', 'イクノ', 'ユウダイ', 'M', '4', '大阪大', '大阪府', '000180', 1, 2, 'Entry', 0, '2017-05-14 12:12:35.983779', '2017-05-14 12:12:35.983829', 6),
(847, '688', '齋藤', '宣樹', 'サイトウ', 'ノブキ', 'M', '1', '大阪大', '大阪府', '000000', 1, 1, 'Entry', 0, '2017-05-14 12:12:36.004669', '2017-05-14 12:12:36.004728', 2),
(848, '6-1098', '小西', '満', 'コニシ', 'ミツル', 'M', '2', '神戸大', '兵庫', '000550', 1, 2, 'Entry', 0, '2017-05-14 12:12:36.034871', '2017-05-14 12:12:36.034928', 2),
(849, '6-693', '浅野', '智司', 'アサノ', 'サトシ', 'M', '4', '京都大', '滋賀', '000572', 1, 3, 'Entry', 0, '2017-05-14 12:12:36.054741', '2017-05-14 12:12:36.054787', 2),
(850, '6-1117', '長友', '敬晃', 'ナガトモ', 'タカアキ', 'M', '2', '神戸大', '宮崎', '000580', 1, 4, 'Entry', 0, '2017-05-14 12:12:36.076725', '2017-05-14 12:12:36.076780', 2),
(851, '433', '伊藤', '駿一郎', 'イトウ', 'シュンイチロウ', 'M', '2', '名古屋大学', '愛知', '000586', 1, 5, 'Entry', 0, '2017-05-14 12:12:36.097771', '2017-05-14 12:12:36.097825', 2),
(852, '6-942', '藤原', '宇央', 'フジワラ', 'ネオ', 'M', 'M1', '大阪大', '大阪府', '000600', 1, 6, 'Entry', 0, '2017-05-14 12:12:36.116393', '2017-05-14 12:12:36.116448', 2),
(853, '4003', '松尾', '頼憲', 'マツオ', 'ヨシノリ', 'M', 'OB', '伊勢RC', '三重', '000610', 1, 7, 'Entry', 0, '2017-05-14 12:12:36.136649', '2017-05-14 12:12:36.136698', 2),
(854, '6-2390', '吉武', '拓真', 'ヨシタケ', 'タクマ', 'M', '1', '大阪市立大', '大阪', '000621', 1, 8, 'Entry', 0, '2017-05-14 12:12:36.156870', '2017-05-14 12:12:36.156928', 2),
(855, '6-745', '平島', '敬也', 'ヒラシマ', 'ケイヤ', 'M', '2', '京都大', '福岡', '000625', 1, 9, 'Entry', 0, '2017-05-14 12:12:36.175777', '2017-05-14 12:12:36.175833', 2),
(856, '6-1052', '山下', '雄大', 'ヤマシタ', 'タカヒロ', 'M', 'M2', '神戸大', '京都', '000630', 1, 10, 'Entry', 0, '2017-05-14 12:12:36.195042', '2017-05-14 12:12:36.195089', 2),
(857, '6-747', '松井', 'そら', 'マツイ', 'ソラ', 'M', '2', '京都大', '京都', '000635', 1, 11, 'Entry', 0, '2017-05-14 12:12:36.214612', '2017-05-14 12:12:36.214666', 2),
(858, '652', '川根', '聖矢', 'カワネ', 'セイヤ', 'M', '2', '大阪大', '京都府', '000635', 1, 12, 'Entry', 0, '2017-05-14 12:12:36.234077', '2017-05-14 12:12:36.234134', 2),
(859, '6-1090', '西村', '拓海', 'ニシムラ', 'タクミ', 'M', '3', '神戸大', '兵庫', '000639', 1, 13, 'Entry', 0, '2017-05-14 12:12:36.252694', '2017-05-14 12:12:36.252743', 2),
(860, '488', '清原', '和真', 'キヨハラ', 'カズマ', 'M', '1', '名古屋大学', '愛知', '000640', 1, 14, 'Entry', 0, '2017-05-14 12:12:36.271572', '2017-05-14 12:12:36.271623', 2),
(861, '6-733', '南井', '航太', 'ミナミイ', 'コウタ', 'M', '2', '京都大', '大阪', '000641', 1, 15, 'Entry', 0, '2017-05-14 12:12:36.289805', '2017-05-14 12:12:36.289865', 2),
(862, '6-1826', '大村', '隆人', 'オオムラ', 'リュウト', 'M', '2', '大阪市立大', '三重', '000650', 1, 16, 'Entry', 0, '2017-05-14 12:12:36.309122', '2017-05-14 12:12:36.309173', 2),
(863, '6-1118', '木原', '日向', 'キハラ', 'ヒナタ', 'M', '3', '神戸大', '大阪', '000650', 1, 17, 'Entry', 0, '2017-05-14 12:12:36.344751', '2017-05-14 12:12:36.344804', 2),
(864, '687', '井内', '光', 'イウチ', 'カル', 'M', '1', '大阪大', '大阪府', '000650', 1, 18, 'Entry', 0, '2017-05-14 12:12:36.368202', '2017-05-14 12:12:36.368256', 2),
(865, '3067', '西田', '拓展', 'ニシダ', 'タクノブ', 'M', 'OB', '兵庫陸協', '兵庫県', '000650', 1, 19, 'Entry', 0, '2017-05-14 12:12:36.392669', '2017-05-14 12:12:36.392723', 2),
(866, '6-2273', '棚原', '大介', 'タナハラ', 'ダイスケ', 'M', '1', '大阪大', '大阪府', '000658', 1, 20, 'Entry', 0, '2017-05-14 12:12:36.416717', '2017-05-14 12:12:36.416765', 2),
(867, '6-1096', '神田', '実', 'カンダ', 'ミノリ', 'M', '2', '神戸大', '兵庫', '000665', 1, 21, 'Entry', 0, '2017-05-14 12:12:36.439690', '2017-05-14 12:12:36.439755', 2),
(868, '6-755', '小野', '貴裕', 'オノ', 'タカヒロ', 'M', '2', '京都大', '京都', '000671', 1, 22, 'Entry', 0, '2017-05-14 12:12:36.463214', '2017-05-14 12:12:36.463292', 2),
(869, '6-2383', '安達', '智則', 'アダチ', 'トモノリ', 'M', '1', '大阪市立大', '大阪', '000677', 1, 23, 'DNS', 0, '2017-05-14 12:12:36.488774', '2017-05-14 16:45:49.428644', 2),
(870, '6-734', '本居', '和弘', 'モトオリ', 'カズヒロ', 'M', '2', '京都大', '大阪', '000691', 1, 24, 'Entry', 0, '2017-05-14 12:12:36.512046', '2017-05-14 12:12:36.512094', 2),
(871, '436', '山之内', '丈', 'ヤマノウチ', 'ジョウ', 'M', '4', '名古屋大学', '広島', '000710', 1, 25, 'Entry', 0, '2017-05-14 12:12:36.533517', '2017-05-14 12:12:36.533638', 2),
(872, '6-2218', '松下', '隼人', 'マツシタ', 'ハヤト', 'M', 'M1', '京都大', '大阪', '000718', 1, 26, 'DNS', 0, '2017-05-14 12:12:36.557685', '2017-05-14 16:45:49.444656', 2),
(873, '6-1799', '村上', '隆一郎', 'ムラカミ', 'リュウイチロウ', 'M', '4', '大阪市立大', '大阪', '000727', 1, 27, 'Entry', 0, '2017-05-14 12:12:36.591767', '2017-05-14 12:12:36.591859', 2),
(874, '6-1057', '永田', '遼', 'ナガタ', 'リョウ', 'M', 'M1', '神戸大', '島根', '000744', 1, 28, 'Entry', 0, '2017-05-14 12:12:36.624541', '2017-05-14 12:12:36.624593', 2),
(875, '6-727', '大橋', '悟', 'オオハシ', 'サトル', 'M', '2', '京都大', '京都', '001000', 1, 1, 'Entry', 0, '2017-05-14 12:12:36.647533', '2017-05-14 12:12:36.647587', 12),
(876, '608', '田中', '陽久', 'タナカ', 'アキヒサ', 'M', '4', '大阪大', '大阪府', '001043', 1, 2, 'Entry', 0, '2017-05-14 12:12:36.669800', '2017-05-14 12:12:36.669851', 12),
(877, '6-1090', '西村', '拓海', 'ニシムラ', 'タクミ', 'M', '3', '神戸大', '兵庫', '001110', 1, 3, 'Entry', 0, '2017-05-14 12:12:36.692408', '2017-05-14 12:12:36.692457', 12),
(878, '6-679', '澤', '薫', 'サワ', 'カオル', 'M', '4', '京都大', '滋賀', '000879', 1, 4, 'Entry', 0, '2017-05-14 12:12:36.716615', '2017-05-14 12:12:36.716672', 12),
(879, '6-694', '金子', '渓人', 'カネコ', 'ケイト', 'M', '4', '京都大', '愛知', '000993', 1, 5, 'Entry', 0, '2017-05-14 12:12:36.752217', '2017-05-14 12:12:36.752264', 12),
(880, '6-1103', '金澤', '佳緯', 'カナザワ', 'カイ', 'M', '2', '神戸大', '兵庫', '000300', 1, 1, 'Entry', 0, '2017-05-14 12:12:36.775627', '2017-05-14 12:12:36.775686', 7),
(881, '4956', '細田', '真広', 'ホソダ', 'マサヒロ', 'M', 'OB', '満点クラブ', '大阪府', '000420', 1, 2, 'Entry', 0, '2017-05-14 12:12:36.799327', '2017-05-14 12:12:36.799379', 7),
(882, '2703', '高橋', '遼', 'タカハシ', 'リョウ', 'M', 'OB', '桃陰クラブ', '大阪府', '000470', 1, 3, 'Entry', 0, '2017-05-14 12:12:36.822564', '2017-05-14 12:12:36.822611', 7),
(883, '606', '佐藤', '弘樹', 'サトウ', 'コウキ', 'M', '4', '大阪大', '富山', '001088', -123, 1, 'Entry', 0, '2017-05-21 14:37:14.812163', '2017-05-21 14:37:14.812249', 17),
(884, '404', '手石', '雅人', 'テイシ', 'マサト', 'M', '4', '名古屋大', '愛知', '001119', -123, 2, 'Entry', 0, '2017-05-21 14:37:14.836166', '2017-05-21 14:37:14.836209', 17),
(885, '660', '仙石', '樹', 'センゴク', 'イツキ', 'M', '2', '大阪大', '大阪', '001607', -123, 1, 'Entry', 0, '2017-05-21 14:37:14.854661', '2017-05-21 14:37:14.854702', 35),
(886, '422', '丸地', '正人', 'マルチ', 'マサト', 'M', '2', '名古屋大', '愛知', '001650', -123, 2, 'Entry', 0, '2017-05-21 14:37:14.874644', '2017-05-21 14:37:14.874690', 35),
(887, '637', '濱野', '達海', 'ハマノ', 'タツミ', 'M', '3', '大阪大', '埼玉', '041728', -123, 1, 'Entry', 0, '2017-05-21 14:37:14.892969', '2017-05-21 14:37:14.893016', 29),
(888, '417', '塚本', '亮司', 'ツカモト', 'リョウジ', 'M', '2', '名古屋大', '愛知', '040241', -123, 2, 'Entry', 0, '2017-05-21 14:37:14.918551', '2017-05-21 14:37:14.918608', 29),
(889, '667', '平松', '力', 'ヒラマツ', 'リキ', 'M', '2', '大阪大', '愛知', '002263', -123, 1, 'Entry', 0, '2017-05-21 14:37:14.937865', '2017-05-21 14:37:14.937911', 18),
(890, '429', '新海', '涼司', 'シンカイ', 'リョウジ', 'M', '2', '名古屋大', '愛知', '002233', -123, 2, 'Entry', 0, '2017-05-21 14:37:14.957822', '2017-05-21 14:37:14.957868', 18),
(891, '667', '平松', '力', 'ヒラマツ', 'リキ', 'M', '2', '大阪大', '愛知', '005043', -123, 1, 'Entry', 0, '2017-05-21 14:37:14.975857', '2017-05-21 14:37:14.975902', 22),
(892, '410', '藤原', '聡一郎', 'フジワラ', 'ソウイチロウ', 'M', '4', '名古屋大', '愛知', '005074', -123, 2, 'Entry', 0, '2017-05-21 14:37:14.993427', '2017-05-21 14:37:14.993470', 22),
(893, '697', '清水', '大夢', 'シミズ', 'タイム', 'M', '1', '大阪大', '滋賀', '005880', -123, 1, 'Entry', 0, '2017-05-21 14:37:15.014038', '2017-05-21 14:37:15.014088', 37),
(894, '425', '稲見', '英和', 'イナミ', 'ヒデカズ', 'M', '3', '名古屋大', '愛知', '005647', -123, 2, 'Entry', 0, '2017-05-21 14:37:15.032857', '2017-05-21 14:37:15.032900', 37),
(895, '644', '内田', '瑞貴', 'ウチダ', 'ミズキ', 'M', '2', '大阪大', '兵庫', '154990', -123, 1, 'Entry', 0, '2017-05-21 14:37:15.051595', '2017-05-21 14:37:15.051642', 33),
(896, '420', '飯田', '康平', 'イイダ', 'コウヘイ', 'M', '3', '名古屋大', '三重', '160648', -123, 2, 'Entry', 0, '2017-05-21 14:37:15.070848', '2017-05-21 14:37:15.070896', 33),
(897, '605', '鹿嶋', '孔哉', 'カシマ', 'コウヤ', 'M', '4', '大阪大', '大阪', '015603', -123, 1, 'Entry', 0, '2017-05-21 14:37:15.088509', '2017-05-21 14:37:15.088553', 26),
(898, '413', '木村', '健太郎', 'キムラ', 'ケンタロウ', 'M', '3', '名古屋大', '愛知', '015781', -123, 2, 'Entry', 0, '2017-05-21 14:37:15.106661', '2017-05-21 14:37:15.106707', 26),
(899, '623', '奥田', '博之', 'オクダ', 'ヒロユキ', 'M', '3', '大阪大', '滋賀', '000000', -123, 1, 'Entry', 0, '2017-05-21 14:37:15.124717', '2017-05-21 14:37:15.124807', 53),
(900, '678', '森田', '泰史', 'モリタ', 'タイシ', 'M', '1', '大阪大', '大阪', '000000', -123, 1, 'Entry', 0, '2017-05-21 14:37:15.144514', '2017-05-21 14:37:15.144575', 55),
(901, '623', '奥田', '博之', 'オクダ', 'ヒロユキ', 'M', '3', '大阪大', '滋賀', '000000', -123, 1, 'Entry', 0, '2017-05-21 14:37:15.162504', '2017-05-21 14:37:15.162551', 51),
(902, '446', '西田', '亮也', 'ニシダ', 'リョウヤ', 'M', '4', '名古屋大', '滋賀', '003630', -123, 2, 'Entry', 0, '2017-05-21 14:37:15.182384', '2017-05-21 14:37:15.182457', 51),
(903, '674', '渡瀬', '孔明', 'ワタセ', 'コウメイ', 'M', '2', '大阪大', '大阪', '000000', -123, 1, 'Entry', 0, '2017-05-21 14:37:15.200483', '2017-05-21 14:37:15.200525', 47),
(904, '439', '五十嵐', '早登', 'イガラシ', 'ハヤト', 'M', '2', '名古屋大', '福井', '001342', -123, 2, 'Entry', 0, '2017-05-21 14:37:15.218210', '2017-05-21 14:37:15.218251', 47),
(905, '601', '生野', '雄大', 'イクノ', 'ユウダイ', 'M', '4', '大阪大', '大阪', '000180', -123, 1, 'Entry', 0, '2017-05-21 14:37:15.237566', '2017-05-21 14:37:15.237638', 41),
(906, '652', '川根', '聖矢', 'カワネ', 'セイヤ', 'M', '2', '大阪大', '京都', '000635', -123, 1, 'Entry', 0, '2017-05-21 14:37:15.258661', '2017-05-21 14:37:15.258702', 45),
(907, '436', '山之内', '丈', 'ヤマノウチ', 'ジョウ', 'M', '4', '名古屋大', '広島', '000710', -123, 2, 'Entry', 0, '2017-05-21 14:37:15.280990', '2017-05-21 14:37:15.281130', 45),
(908, '608', '田中', '陽久', 'タナカ', 'アキヒサ', 'M', '4', '大阪大', '大阪', '001043', -123, 1, 'Entry', 0, '2017-05-21 14:37:15.305828', '2017-05-21 14:37:15.305870', 50),
(909, '443', '加藤', '敦貴', 'カトウ', 'アツキ', 'M', '3', '名古屋大', '岐阜', '000000', -123, 2, 'Entry', 0, '2017-05-21 14:37:15.336384', '2017-05-21 14:37:15.336428', 50),
(910, '625', '釜谷', '智貴', 'カマタニ', 'トモキ', 'M', '3', '大阪大', '大阪', '000300', -123, 1, 'Entry', 0, '2017-05-21 14:37:15.355329', '2017-05-21 14:37:15.355374', 43),
(911, '669', '本多', '健一朗', 'ホンダ', 'ケンイチロウ', 'M', '2', '大阪大', '大阪', '001119', 1, 2, 'Entry', 0, '2017-05-21 14:37:15.374419', '2017-05-21 14:37:15.374460', 17),
(912, '403', '岩瀬', '累', 'イワセ', 'ルイ', 'M', '4', '名古屋大', '愛知', '001121', 1, 3, 'Entry', 0, '2017-05-21 14:37:15.393744', '2017-05-21 14:37:15.393796', 17),
(913, '639', '藤本', '唄司', 'フジモト', 'ウタシ', 'M', '3', '大阪大', '大阪', '001091', 1, 4, 'Entry', 0, '2017-05-21 14:37:15.416910', '2017-05-21 14:37:15.416954', 17),
(914, '401', '橋本', '太翔', 'ハシモト', 'ヒロト', 'M', '4', '名古屋大', '福井', '001083', 1, 5, 'Entry', 0, '2017-05-21 14:37:15.436357', '2017-05-21 14:37:15.436403', 17),
(915, '624', '加地', '涼太郎', 'カジ', 'リョウタロウ', 'M', '3', '大阪大', '大阪', '001095', 1, 6, 'Entry', 0, '2017-05-21 14:37:15.455525', '2017-05-21 14:37:15.455571', 17),
(916, '402', '山下', '拓也', 'ヤマシタ', 'タクヤ', 'M', '4', '名古屋大', '愛知', '001090', 1, 7, 'Entry', 0, '2017-05-21 14:37:15.474854', '2017-05-21 14:37:15.474896', 17),
(917, '625', '釜谷', '智貴', 'カマタニ', 'トモキ', 'M', '3', '大阪大', '大阪', '001583', 1, 2, 'Entry', 0, '2017-05-21 14:37:15.492149', '2017-05-21 14:37:15.492190', 35),
(918, '404', '手石', '雅人', 'テイシ', 'マサト', 'M', '4', '名古屋大', '愛知', '001524', 1, 3, 'Entry', 0, '2017-05-21 14:37:15.511078', '2017-05-21 14:37:15.511122', 35),
(919, '612', '本間', '貴裕', 'ホンマ', 'タカヒロ', 'M', '4', '大阪大', '神奈川', '001500', 1, 4, 'Entry', 0, '2017-05-21 14:37:15.529727', '2017-05-21 14:37:15.529773', 35),
(920, '403', '岩瀬', '累', 'イワセ', 'ルイ', 'M', '4', '名古屋大', '愛知', '001449', 1, 5, 'Entry', 0, '2017-05-21 14:37:15.548441', '2017-05-21 14:37:15.548484', 35),
(921, '662', '田中', '俊輔', 'タナカ', 'シュンスケ', 'M', '2', '大阪大', '大阪', '001556', 1, 6, 'Entry', 0, '2017-05-21 14:37:15.567265', '2017-05-21 14:37:15.567310', 35),
(922, '421', '真野', '悠太郎', 'マノ', 'ユウタロウ', 'M', '3', '名古屋大', '愛知', '001465', 1, 7, 'Entry', 0, '2017-05-21 14:37:15.584955', '2017-05-21 14:37:15.584999', 35),
(923, '609', '田村', '宏樹', 'タムラ', 'ヒロキ', 'M', '4', '大阪大', '三重', '040671', 1, 2, 'Entry', 0, '2017-05-21 14:37:15.604175', '2017-05-21 14:37:15.604219', 29),
(924, '414', '遠藤', '暢', 'エンドウ', 'トオル', 'M', '4', '名古屋大', '愛知', '040356', 1, 3, 'Entry', 0, '2017-05-21 14:37:15.622007', '2017-05-21 14:37:15.622055', 29),
(925, '655', '小池', '弘顕', 'コイケ', 'ヒロアキ', 'M', '2', '大阪大', '大阪', '040712', 1, 4, 'Entry', 0, '2017-05-21 14:37:15.640590', '2017-05-21 14:37:15.640647', 29),
(926, '415', '河上', '匠', 'カワカミ', 'タクミ', 'M', '3', '名古屋大', '愛知', '040393', 1, 5, 'Entry', 0, '2017-05-21 14:37:15.657924', '2017-05-21 14:37:15.657964', 29),
(927, '653', '木高', '佳周', 'キダカ', 'ヨシナリ', 'M', '2', '大阪大', '大阪', '040800', 1, 6, 'Entry', 0, '2017-05-21 14:37:15.678813', '2017-05-21 14:37:15.678861', 29),
(928, '416', '岩井', '宏樹', 'イワイ', 'ヒロキ', 'M', '3', '名古屋大', '愛知', '041195', 1, 7, 'Entry', 0, '2017-05-21 14:37:15.698091', '2017-05-21 14:37:15.698149', 29),
(929, '639', '藤本', '唄司', 'フジモト', 'ウタシ', 'M', '3', '大阪大', '大阪', '002247', 1, 2, 'Entry', 0, '2017-05-21 14:37:15.715817', '2017-05-21 14:37:15.715860', 18),
(930, '402', '山下', '拓也', 'ヤマシタ', 'タクヤ', 'M', '4', '名古屋大', '愛知', '002244', 1, 3, 'Entry', 0, '2017-05-21 14:37:15.734350', '2017-05-21 14:37:15.734393', 18),
(931, '681', '井面', '利昂', 'イノモ', 'トシアキ', 'M', '5', '大阪大', '大阪', '002137', 1, 4, 'Entry', 0, '2017-05-21 14:37:15.752250', '2017-05-21 14:37:15.752294', 18),
(932, '405', '長谷川', '有希', 'ハセガワ', 'ユキ', 'M', '4', '名古屋大', '愛知', '002169', 1, 5, 'Entry', 0, '2017-05-21 14:37:15.769888', '2017-05-21 14:37:15.769932', 18),
(933, '606', '佐藤', '弘樹', 'サトウ', 'コウキ', 'M', '4', '大阪大', '富山', '002224', 1, 6, 'Entry', 0, '2017-05-21 14:37:15.788888', '2017-05-21 14:37:15.788971', 18),
(934, '406', '伊ヶ崎', '一哉', 'イガサキ', 'カズヤ', 'M', '2', '名古屋大', '静岡', '002238', 1, 7, 'Entry', 0, '2017-05-21 14:37:15.807426', '2017-05-21 14:37:15.807562', 18),
(935, '611', '平谷', '光佑', 'ヒラタニ', 'コウスケ', 'M', '4', '大阪大', '和歌山', '004973', 1, 2, 'Entry', 0, '2017-05-21 14:37:15.826514', '2017-05-21 14:37:15.826570', 22),
(936, '408', '砂原', '健汰', 'スナハラ', 'ケンタ', 'M', '4', '名古屋大', '愛知', '004960', 1, 3, 'Entry', 0, '2017-05-21 14:37:15.843432', '2017-05-21 14:37:15.843474', 22),
(937, '606', '佐藤', '弘樹', 'サトウ', 'コウキ', 'M', '4', '大阪大', '富山', '004782', 1, 4, 'Entry', 0, '2017-05-21 14:37:15.861734', '2017-05-21 14:37:15.861780', 22),
(938, '407', '嶋田', '健太郎', 'シマダ', 'ケンタロウ', 'M', '4', '名古屋大', '愛知', '004883', 1, 5, 'Entry', 0, '2017-05-21 14:37:15.879381', '2017-05-21 14:37:15.879432', 22),
(939, '607', '佐野', '佑城', 'サノ', 'ユウキ', 'M', '4', '大阪大', '大阪', '004962', 1, 6, 'Entry', 0, '2017-05-21 14:37:15.897960', '2017-05-21 14:37:15.898002', 22),
(940, '409', '大藪', '悠登', 'オオヤブ', 'ユウト', 'M', '4', '名古屋大', '愛知', '005031', 1, 7, 'Entry', 0, '2017-05-21 14:37:15.916771', '2017-05-21 14:37:15.916816', 22),
(941, '680', '奥村', '知央', 'オクムラ', 'トモヒサ', 'M', '1', '大阪大', '京都', '005443', 1, 2, 'Entry', 0, '2017-05-21 14:37:15.933983', '2017-05-21 14:37:15.934027', 37),
(942, '423', '上野', '和樹', 'ウエノ', 'カズキ', 'M', '4', '名古屋大', '愛知', '005354', 1, 3, 'Entry', 0, '2017-05-21 14:37:15.953015', '2017-05-21 14:37:15.953061', 37),
(943, '629', '小西', '祐輝', 'コニシ', 'ユウキ', 'M', '3', '大阪大', '大阪', '005407', 1, 4, 'Entry', 0, '2017-05-21 14:37:15.970248', '2017-05-21 14:37:15.970293', 37),
(944, '421', '真野', '悠太郎', 'マノ', 'ユウタロウ', 'M', '3', '名古屋大', '愛知', '005052', 1, 5, 'Entry', 0, '2017-05-21 14:37:15.989307', '2017-05-21 14:37:15.989354', 37),
(945, '632', '田里', '康介', 'タサト', 'コウスケ', 'M', '3', '大阪大', '京都', '005465', 1, 6, 'Entry', 0, '2017-05-21 14:37:16.008994', '2017-05-21 14:37:16.009041', 37),
(946, '424', '小田', '将矢', 'オダ', 'マサヤ', 'M', '4', '名古屋大', '愛知', '005097', 1, 7, 'Entry', 0, '2017-05-21 14:37:16.027901', '2017-05-21 14:37:16.027949', 37),
(947, '610', '西', '慶一郎', 'ニシ', 'ケイイチロウ', 'M', '4', '大阪大', '大阪', '145637', 1, 2, 'Entry', 0, '2017-05-21 14:37:16.046507', '2017-05-21 14:37:16.046554', 33),
(948, '417', '塚本', '亮司', 'ツカモト', 'リョウジ', 'M', '2', '名古屋大', '愛知', '145028', 1, 3, 'Entry', 0, '2017-05-21 14:37:16.064753', '2017-05-21 14:37:16.064796', 33),
(949, '627', '岸本', '克佳', 'キシモト', 'カツヨシ', 'M', '3', '大阪大', '新潟', '151896', 1, 4, 'Entry', 0, '2017-05-21 14:37:16.082544', '2017-05-21 14:37:16.082585', 33),
(950, '418', '小松', '遼矢', 'コマツ', 'リョウヤ', 'M', '2', '名古屋大', '愛知', '152460', 1, 5, 'Entry', 0, '2017-05-21 14:37:16.100401', '2017-05-21 14:37:16.100446', 33),
(951, '614', '横谷', '元', 'ヨコヤ', 'ゲン', 'M', '4', '大阪大', '兵庫', '155200', 1, 6, 'Entry', 0, '2017-05-21 14:37:16.119704', '2017-05-21 14:37:16.119752', 33),
(952, '419', '一林', '諒', 'イチバヤシ', 'リョウ', 'M', '3', '名古屋大', '愛知', '153964', 1, 7, 'Entry', 0, '2017-05-21 14:37:16.137481', '2017-05-21 14:37:16.137525', 33),
(953, '668', '古川', '誠也', 'フルカワ', 'セイヤ', 'M', '2', '大阪大', '大阪', '234619', 1, 2, 'Entry', 0, '2017-05-21 14:37:16.158185', '2017-05-21 14:37:16.158232', 39),
(954, '426', '佐伯', '元春', 'サエキ', 'モトハル', 'M', '4', '名古屋大', '広島', '215279', 1, 3, 'Entry', 0, '2017-05-21 14:37:16.176867', '2017-05-21 14:37:16.176915', 39),
(955, '638', '福田', '勇気', 'フクダ', 'ユウキ', 'M', '3', '大阪大', '大阪', '251688', 1, 4, 'Entry', 0, '2017-05-21 14:37:16.195361', '2017-05-21 14:37:16.195411', 39),
(956, '427', '紀藤', '大樹', 'キトウ', 'タイキ', 'M', '2', '名古屋大', '愛知', '232315', 1, 5, 'Entry', 0, '2017-05-21 14:37:16.213689', '2017-05-21 14:37:16.213735', 39),
(957, '428', '富田', '諒', 'トミダ', 'リョウ', 'M', '1', '名古屋大', '愛知', '232479', 1, 7, 'Entry', 0, '2017-05-21 14:37:16.232802', '2017-05-21 14:37:16.232851', 39),
(958, '615', '渡辺', '壮流', 'ワタナベ', 'タケル', 'M', '4', '大阪大', '福岡', '015242', 1, 2, 'Entry', 0, '2017-05-21 14:37:16.250356', '2017-05-21 14:37:16.250401', 26),
(959, '408', '砂原', '健汰', 'スナハラ', 'ケンタ', 'M', '4', '名古屋大', '愛知', '015240', 1, 3, 'Entry', 0, '2017-05-21 14:37:16.268651', '2017-05-21 14:37:16.268697', 26),
(960, '616', '相澤', '遼', 'アイザワ', 'リョウ', 'M', '3', '大阪大', '大阪', '015893', 1, 4, 'Entry', 0, '2017-05-21 14:37:16.287324', '2017-05-21 14:37:16.287369', 26),
(961, '411', '森', '信人', 'モリ', 'ノブヒト', 'M', '2', '名古屋大', '岐阜', '015646', 1, 5, 'Entry', 0, '2017-05-21 14:37:16.305568', '2017-05-21 14:37:16.305612', 26),
(962, '617', '安部', '光騎', 'アベ', 'コウキ', 'M', '3', '大阪大', '大阪', '015523', 1, 6, 'Entry', 0, '2017-05-21 14:37:16.324494', '2017-05-21 14:37:16.324550', 26),
(963, '412', '山下', '紘永', 'ヤマシタ', 'ヒロナガ', 'M', '2', '名古屋大', '長野', '015771', 1, 7, 'Entry', 0, '2017-05-21 14:37:16.342264', '2017-05-21 14:37:16.342309', 26),
(964, '678', '森田', '泰史', 'モリタ', 'タイシ', 'M', '1', '大阪大', '大阪', '000000', 1, 1, 'Entry', 0, '2017-05-21 14:37:16.361533', '2017-05-21 14:37:16.361577', 53),
(965, '440', '陳 哲斐', '', 'チン', 'テツヒ', 'M', '2', '名古屋大', '愛知', '000000', 1, 2, 'Entry', 0, '2017-05-21 14:37:16.378823', '2017-05-21 14:37:16.378870', 53),
(966, '630', '重吉', '比呂', 'シゲヨシ', 'ヒロ', 'M', '3', '大阪大', '滋賀', '001679', 1, 3, 'Entry', 0, '2017-05-21 14:37:16.397782', '2017-05-21 14:37:16.397831', 53),
(967, '441', '長谷川', '奨', 'ハセガワ', 'ショウ', 'M', '3', '名古屋大', '愛知', '000000', 1, 4, 'Entry', 0, '2017-05-21 14:37:16.416037', '2017-05-21 14:37:16.416097', 53),
(968, '635', '野村', '琢真', 'ノムラ', 'タクマ', 'M', '3', '大阪大', '茨城', '004003', 1, 5, 'Entry', 0, '2017-05-21 14:37:16.434566', '2017-05-21 14:37:16.434611', 53),
(969, '444', '多賀', '駿介', 'タガ', 'シュンスケ', 'M', '3', '名古屋大', '岡山', '002909', 1, 6, 'Entry', 0, '2017-05-21 14:37:16.452193', '2017-05-21 14:37:16.452235', 53),
(970, '623', '奥田', '博之', 'オクダ', 'ヒロユキ', 'M', '3', '大阪大', '滋賀', '004694', 1, 1, 'Entry', 0, '2017-05-21 14:37:16.469807', '2017-05-21 14:37:16.469856', 55),
(971, '443', '加藤', '敦貴', 'カトウ', 'アツキ', 'M', '3', '名古屋大', '岐阜', '005329', 1, 2, 'Entry', 0, '2017-05-21 14:37:16.488182', '2017-05-21 14:37:16.488229', 55),
(972, '625', '釜谷', '智貴', 'カマタニ', 'トモキ', 'M', '3', '大阪大', '大阪', '004889', 1, 3, 'Entry', 0, '2017-05-21 14:37:16.505555', '2017-05-21 14:37:16.505601', 55),
(973, '445', '栗林', '篤', 'クリバヤシ', 'アツシ', 'M', '3', '名古屋大', '長野', '006086', 1, 4, 'Entry', 0, '2017-05-21 14:37:16.524388', '2017-05-21 14:37:16.524432', 55),
(974, '635', '野村', '琢真', 'ノムラ', 'タクマ', 'M', '3', '大阪大', '茨城', '005808', 1, 5, 'Entry', 0, '2017-05-21 14:37:16.542477', '2017-05-21 14:37:16.542523', 55),
(975, '446', '西田', '亮也', 'ニシダ', 'リョウヤ', 'M', '4', '名古屋大', '滋賀', '006477', 1, 6, 'Entry', 0, '2017-05-21 14:37:16.560428', '2017-05-21 14:37:16.560469', 55),
(976, '630', '重吉', '比呂', 'シゲヨシ', 'ヒロ', 'M', '3', '大阪大', '滋賀', '003002', 1, 1, 'Entry', 0, '2017-05-21 14:37:16.578875', '2017-05-21 14:37:16.578922', 51),
(977, '445', '栗林', '篤', 'クリバヤシ', 'アツシ', 'M', '3', '名古屋大', '長野', '002860', 1, 2, 'Entry', 0, '2017-05-21 14:37:16.597874', '2017-05-21 14:37:16.597920', 51),
(978, '625', '釜谷', '智貴', 'カマタニ', 'トモキ', 'M', '3', '大阪大', '大阪', '003213', 1, 3, 'Entry', 0, '2017-05-21 14:37:16.616141', '2017-05-21 14:37:16.616186', 51),
(979, '440', '陳 哲斐', '', 'チン', 'テツヒ', 'M', '2', '名古屋大', '愛知', '003034', 1, 4, 'Entry', 0, '2017-05-21 14:37:16.634099', '2017-05-21 14:37:16.634154', 51),
(980, '635', '野村', '琢真', 'ノムラ', 'タクマ', 'M', '3', '大阪大', '茨城', '003428', 1, 5, 'Entry', 0, '2017-05-21 14:37:16.652680', '2017-05-21 14:37:16.652725', 51),
(981, '444', '多賀', '駿介', 'タガ', 'シュンスケ', 'M', '3', '名古屋大', '岡山', '003195', 1, 6, 'Entry', 0, '2017-05-21 14:37:16.670684', '2017-05-21 14:37:16.670726', 51),
(982, '686', '尾原', '正人', 'オハラ', 'マサト', 'M', '1', '大阪大', '静岡', '001360', 1, 1, 'Entry', 0, '2017-05-21 14:37:16.688778', '2017-05-21 14:37:16.688821', 47),
(983, '438', '梅田', '昌紀', 'ウメダ', 'マサキ', 'M', '4', '名古屋大', '岐阜', '001360', 1, 2, 'Entry', 0, '2017-05-21 14:37:16.706191', '2017-05-21 14:37:16.706238', 47);
INSERT INTO `organizer_entry` (`id`, `bib`, `name_family`, `name_first`, `kana_family`, `kana_first`, `sex`, `grade`, `club`, `jaaf_branch`, `personal_best`, `group`, `order_lane`, `entry_status`, `check`, `created`, `modified`, `event_status_id`) VALUES
(984, '642', '吉國', '利啓', 'ヨシクニ', 'カツヒロ', 'M', '3', '大阪大', '兵庫', '001409', 1, 3, 'Entry', 0, '2017-05-21 14:37:16.723896', '2017-05-21 14:37:16.723937', 47),
(985, '437', '浜島', '裕亮', 'ハマジマ', 'ユウスケ', 'M', '3', '名古屋大', '愛知', '001457', 1, 4, 'Entry', 0, '2017-05-21 14:37:16.741647', '2017-05-21 14:37:16.741734', 47),
(986, '634', '中谷', '豪汰', 'ナカタニ', 'コウタ', 'M', '3', '大阪大', '滋賀', '001522', 1, 5, 'Entry', 0, '2017-05-21 14:37:16.760803', '2017-05-21 14:37:16.760872', 47),
(987, '434', '伊藤', '裕也', 'イトウ', 'ユウヤ', 'M', '3', '名古屋大', '愛知', '001519', 1, 6, 'Entry', 0, '2017-05-21 14:37:16.778175', '2017-05-21 14:37:16.778221', 47),
(988, '620', '大賀', '春輝', 'オオガ', 'ハルキ', 'M', '3', '大阪大', '香川', '000200', 1, 1, 'Entry', 0, '2017-05-21 14:37:16.795109', '2017-05-21 14:37:16.795163', 41),
(989, '432', '廣瀬', '達也', 'ヒロセ', 'タツヤ', 'M', '4', '名古屋大', '愛知', '000189', 1, 2, 'Entry', 0, '2017-05-21 14:37:16.814018', '2017-05-21 14:37:16.814067', 41),
(990, '676', '木村', '友哉', 'キムラ', 'トモヤ', 'M', '1', '大阪大', '京都', '000206', 1, 3, 'Entry', 0, '2017-05-21 14:37:16.833236', '2017-05-21 14:37:16.833280', 41),
(991, '430', '幾田', '勇希', 'イクタ', 'ユウキ', 'M', '2', '名古屋大', '愛知', '000190', 1, 4, 'Entry', 0, '2017-05-21 14:37:16.850692', '2017-05-21 14:37:16.850739', 41),
(992, '679', '羽田', '充宏', 'ハダ', 'アツヒロ', 'M', '1', '大阪大', '新潟', '000206', 1, 5, 'Entry', 0, '2017-05-21 14:37:16.870827', '2017-05-21 14:37:16.870873', 41),
(993, '431', '小山', '航', 'コヤマ', 'ワタル', 'M', '2', '名古屋大', '愛知', '000190', 1, 6, 'Entry', 0, '2017-05-21 14:37:16.889594', '2017-05-21 14:37:16.889637', 41),
(994, '640', '藤本', '一帆', 'フジモト', 'カズホ', 'M', '3', '大阪大', '兵庫', '000684', 1, 1, 'Entry', 0, '2017-05-21 14:37:16.908125', '2017-05-21 14:37:16.908168', 45),
(995, '401', '橋本', '太翔', 'ハシモト', 'ヒロト', 'M', '4', '名古屋大', '福井', '000722', 1, 2, 'Entry', 0, '2017-05-21 14:37:16.925850', '2017-05-21 14:37:16.925892', 45),
(996, '634', '中谷', '豪汰', 'ナカタニ', 'コウタ', 'M', '3', '大阪大', '滋賀', '000740', 1, 3, 'Entry', 0, '2017-05-21 14:37:16.943250', '2017-05-21 14:37:16.943293', 45),
(997, '435', '角屋', '喜基', 'スミヤ', 'ヨシキ', 'M', '3', '名古屋大', '愛知', '000727', 1, 4, 'Entry', 0, '2017-05-21 14:37:16.962426', '2017-05-21 14:37:16.962561', 45),
(998, '677', '木下', '将一', 'キノシタ', 'ショウイチ', 'M', '1', '大阪大', '兵庫', '000755', 1, 5, 'Entry', 0, '2017-05-21 14:37:16.979706', '2017-05-21 14:37:16.979758', 45),
(999, '434', '伊藤', '裕也', 'イトウ', 'ユウヤ', 'M', '3', '名古屋大', '愛知', '000753', 1, 6, 'Entry', 0, '2017-05-21 14:37:16.998644', '2017-05-21 14:37:16.998714', 45),
(1000, '635', '野村', '琢真', 'ノムラ', 'タクマ', 'M', '3', '大阪大', '茨城', '001092', 1, 1, 'Entry', 0, '2017-05-21 14:37:17.021442', '2017-05-21 14:37:17.021538', 50),
(1001, '442', '深谷', '侑生', 'フカヤ', 'ユウキ', 'M', '3', '名古屋大', '愛知', '001050', 1, 2, 'Entry', 0, '2017-05-21 14:37:17.041438', '2017-05-21 14:37:17.041483', 50),
(1002, '630', '重吉', '比呂', 'シゲヨシ', 'ヒロ', 'M', '3', '大阪大', '滋賀', '001135', 1, 3, 'Entry', 0, '2017-05-21 14:37:17.058853', '2017-05-21 14:37:17.058894', 50),
(1003, '440', '陳 哲斐', '', 'チン', 'テツヒ', 'M', '2', '名古屋大', '愛知', '001097', 1, 4, 'Entry', 0, '2017-05-21 14:37:17.076375', '2017-05-21 14:37:17.076419', 50),
(1004, '678', '森田', '泰史', 'モリタ', 'タイシ', 'M', '1', '大阪大', '大阪', '000992', 1, 5, 'Entry', 0, '2017-05-21 14:37:17.096598', '2017-05-21 14:37:17.096657', 50),
(1005, '441', '長谷川', '奨', 'ハセガワ', 'ショウ', 'M', '3', '名古屋大', '愛知', '001098', 1, 6, 'Entry', 0, '2017-05-21 14:37:17.115654', '2017-05-21 14:37:17.115709', 50),
(1006, '673', '山本', '誉志樹', 'ヤマモト', 'ヨシキ', 'M', '2', '大阪大', '兵庫', '000320', 1, 1, 'Entry', 0, '2017-05-21 14:37:17.133797', '2017-05-21 14:37:17.133845', 43),
(1007, '433', '伊藤', '駿一郎', 'イトウ', 'シュンイチロウ', 'M', '2', '名古屋大', '愛知', '000000', 1, 2, 'Entry', 0, '2017-05-21 14:37:17.152312', '2017-05-21 14:37:17.152357', 43),
(1008, '647', '大曲', '和輝', 'オオマガリ', 'カズキ', 'M', '2', '大阪大', '大阪', '000360', 1, 3, 'Entry', 0, '2017-05-21 14:37:17.170192', '2017-05-21 14:37:17.170241', 43),
(1009, '601', '生野', '雄大', 'イクノ', 'ユウダイ', 'M', '4', '大阪大', '大阪', '000380', 1, 4, 'Entry', 0, '2017-05-21 14:37:17.189363', '2017-05-21 14:37:17.189407', 43),
(1010, '6-947', '高塚', '誠司', 'タカツカ', 'セイジ', 'M', 'M1', '大阪大', '岡山', '001090', -100, 7, 'Entry', 0, '2017-05-21 14:44:07.557318', '2017-05-21 14:44:07.557365', 14),
(1011, '429', '新海', '涼司', 'シンカイ', 'リョウジ', 'M', '2', '名古屋大', '愛知', '001119', -100, 8, 'Entry', 0, '2017-05-21 14:44:07.576912', '2017-05-21 14:44:07.576957', 14),
(1012, '6-1110', '高柳', '正徳', 'タカヤナギ', 'マサノリ', 'M', '2', '神戸大', '大阪', '001138', -100, 6, 'Entry', 0, '2017-05-21 14:44:07.593512', '2017-05-21 14:44:07.593616', 14),
(1013, '6-932', '藤', '諒健', 'フジ', 'リョウケン', 'M', 'M2', '大阪大', '徳島', '001160', -100, 2, 'Entry', 0, '2017-05-21 14:44:07.611065', '2017-05-21 14:44:07.611110', 14),
(1014, '4003', '松尾', '頼憲', 'マツオ', 'ヨシノリ', 'M', 'OB', '伊勢RC', '三重', '001192', -100, 7, 'Entry', 0, '2017-05-21 14:44:07.628362', '2017-05-21 14:44:07.628405', 14),
(1015, '660', '仙石', '樹', 'センゴク', 'イツキ', 'M', '2', '大阪大', '大阪', '001193', -100, 1, 'Entry', 0, '2017-05-21 14:44:07.645206', '2017-05-21 14:44:07.645250', 14),
(1016, '467', '成田', '周平', 'ナリタ', 'シュウヘイ', 'M', '3', '名古屋大', '新潟', '001230', -100, 6, 'Entry', 0, '2017-05-21 14:44:07.663512', '2017-05-21 14:44:07.663556', 14),
(1017, '6-1096', '神田', '実', 'カンダ', 'ミノリ', 'M', '2', '神戸大', '兵庫', '001300', -100, 4, 'Entry', 0, '2017-05-21 14:44:07.680278', '2017-05-21 14:44:07.680390', 14),
(1018, '6-2192', '小林', '大航', 'コバヤシ', 'ヒロキ', 'M', '1', '大阪市立大', '大阪', '001069', 1, 4, 'Entry', 0, '2017-05-21 14:44:07.697545', '2017-05-21 14:44:07.697587', 14),
(1019, '6-1797', '高津', '良平', 'コウヅ', 'リョウヘイ', 'M', 'M1', '大阪市立大', '大阪', '001070', 1, 5, 'Entry', 0, '2017-05-21 14:44:07.715526', '2017-05-21 14:44:07.715571', 14),
(1020, '465', '中島', '祐市', 'ナカシマ', 'ユウイチ', 'M', '3', '名古屋市立大', '愛知', '001076', 1, 3, 'Entry', 0, '2017-05-21 14:44:07.733726', '2017-05-21 14:44:07.733777', 14),
(1021, '6-942', '藤原', '宇央', 'フジワラ', 'ネオ', 'M', 'M1', '大阪大', '大阪', '001079', 1, 6, 'Entry', 0, '2017-05-21 14:44:07.751434', '2017-05-21 14:44:07.751481', 14),
(1022, '402', '山下', '拓也', 'ヤマシタ', 'タクヤ', 'M', '4', '名古屋大', '愛知', '001090', 1, 2, 'Entry', 0, '2017-05-21 14:44:07.769143', '2017-05-21 14:44:07.769187', 14),
(1023, '6-1083', '近藤', '佑哉', 'コンドウ', 'ユウヤ', 'M', '3', '神戸大', '愛知', '001092', 1, 7, 'Entry', 0, '2017-05-21 14:44:07.786952', '2017-05-21 14:44:07.786998', 14),
(1024, '6-2279', '喜多', '政天', 'キタ', 'マサタカ', 'M', '1', '神戸大', '奈良', '001095', 1, 1, 'Entry', 0, '2017-05-21 14:44:07.803328', '2017-05-21 14:44:07.803374', 14),
(1025, '406', '伊ケ崎', '一哉', 'イガサキ', 'カズヤ', 'M', '2', '名古屋大', '静岡', '001100', 2, 4, 'Entry', 0, '2017-05-21 14:44:07.822022', '2017-05-21 14:44:07.822069', 14),
(1026, '447', '河辺', '悦太郎', 'カワベ', 'エツタロウ', 'M', 'M1', '名古屋大', '愛知', '001103', 2, 5, 'Entry', 0, '2017-05-21 14:44:07.839633', '2017-05-21 14:44:07.839678', 14),
(1027, '608', '田中', '陽久', 'タナカ', 'アキヒサ', 'M', '4', '大阪大', '大阪', '001111', 2, 3, 'Entry', 0, '2017-05-21 14:44:07.856575', '2017-05-21 14:44:07.856617', 14),
(1028, '6-1094', '水野', '翔太', 'ミズノ', 'ショウタ', 'M', '3', '神戸大', '大阪', '001115', 2, 6, 'Entry', 0, '2017-05-21 14:44:07.876288', '2017-05-21 14:44:07.876344', 14),
(1029, '404', '手石', '雅人', 'テイシ', 'マサト', 'M', '4', '名古屋大', '愛知', '001119', 2, 2, 'Entry', 0, '2017-05-21 14:44:07.901063', '2017-05-21 14:44:07.901207', 14),
(1030, '476', '酒寄', '直哉', 'サカヨリ', 'ナオヤ', 'M', '2', '名古屋大', '愛知', '001120', 2, 7, 'Entry', 0, '2017-05-21 14:44:07.920240', '2017-05-21 14:44:07.920282', 14),
(1031, '6-1108', '小西', '玄起', 'コニシ', 'ゲンキ', 'M', '2', '神戸大', '三重', '001120', 2, 1, 'Entry', 0, '2017-05-21 14:44:07.941581', '2017-05-21 14:44:07.941623', 14),
(1032, '681', '井面', '利昂', 'イノモ', 'トシアキ', 'M', '5', '大阪大', '大阪', '001120', 3, 4, 'Entry', 0, '2017-05-21 14:44:07.963553', '2017-05-21 14:44:07.963660', 14),
(1033, '6-946', '國田', '凌輝', 'クニタ', 'リョウキ', 'M', 'M1', '大阪大', '三重', '001120', 3, 5, 'Entry', 0, '2017-05-21 14:44:07.989593', '2017-05-21 14:44:07.989636', 14),
(1034, '2733', '山本', '尚季', 'ヤマモト', 'ナオキ', 'M', 'OB', '神戸市陸協', '兵庫', '001120', 3, 3, 'Entry', 0, '2017-05-21 14:44:08.012440', '2017-05-21 14:44:08.012495', 14),
(1035, '6-927', '安田', '貴也', 'ヤスダ', 'タカヤ', 'M', 'M2', '大阪大', '大阪', '001120', 3, 6, 'Entry', 0, '2017-05-21 14:44:08.038429', '2017-05-21 14:44:08.038545', 14),
(1036, '645', '大西', '淳矢', 'オオニシ', 'ジュンヤ', 'M', '2', '大阪大', '大阪', '001123', 3, 2, 'Entry', 0, '2017-05-21 14:44:08.062005', '2017-05-21 14:44:08.062125', 14),
(1037, '6-1799', '村上', '隆一郎', 'ムラカミ', 'リュウイチロウ', 'M', '4', '大阪市立大', '大阪', '001125', 3, 7, 'Entry', 0, '2017-05-21 14:44:08.085706', '2017-05-21 14:44:08.085749', 14),
(1038, '6-1832', '荒田', '一樹', 'アラタ', 'カズキ', 'M', '2', '大阪市立大', '大阪', '001125', 3, 1, 'Entry', 0, '2017-05-21 14:44:08.105652', '2017-05-21 14:44:08.105695', 14),
(1039, '471', '大内', '慎也', 'オオウチ', 'シンヤ', 'M', '2', '名古屋大', '愛知', '001130', 3, 8, 'Entry', 0, '2017-05-21 14:44:08.124279', '2017-05-21 14:44:08.124321', 14),
(1040, '6-687', '林', '聖也', 'ハヤシ', 'セイヤ', 'M', '4', '京都大', '京都', '001130', 4, 4, 'Entry', 0, '2017-05-21 14:44:08.142947', '2017-05-21 14:44:08.142988', 14),
(1041, '6-724', '岡本', '和也', 'オカモト', 'カズヤ', 'M', '3', '京都大', '大阪', '001130', 4, 5, 'Entry', 0, '2017-05-21 14:44:08.161072', '2017-05-21 14:44:08.161120', 14),
(1042, '6-745', '平島', '敬也', 'ヒラシマ', 'ケイヤ', 'M', '2', '京都大', '福岡', '001136', 4, 3, 'Entry', 0, '2017-05-21 14:44:08.179442', '2017-05-21 14:44:08.179488', 14),
(1043, '6-1826', '大村', '隆人', 'オオムラ', 'リュウト', 'M', '2', '大阪市立大', '三重', '001139', 4, 6, 'Entry', 0, '2017-05-21 14:44:08.204626', '2017-05-21 14:44:08.204668', 14),
(1044, '4002', '中尾', '貴大', 'ナカオ', 'タカヒロ', 'M', 'OB', 'HIDESONZ', '愛知', '001140', 4, 2, 'Entry', 0, '2017-05-21 14:44:08.222663', '2017-05-21 14:44:08.222708', 14),
(1045, '6-1085', '金丸', '和嗣', 'カナマル', 'カズシ', 'M', '3', '神戸大', '和歌山', '001145', 4, 7, 'Entry', 0, '2017-05-21 14:44:08.240806', '2017-05-21 14:44:08.240850', 14),
(1046, '671', '松本', '雄志郎', 'マツモト', 'ユウシロウ', 'M', '2', '大阪大', '大阪', '001147', 4, 1, 'Entry', 0, '2017-05-21 14:44:08.258987', '2017-05-21 14:44:08.259031', 14),
(1047, '6-2384', '中沢', '亮', 'ナカザワ', 'リョウ', 'M', '1', '大阪市立大', '大阪', '001149', 5, 4, 'Entry', 0, '2017-05-21 14:44:08.275876', '2017-05-21 14:44:08.275921', 14),
(1048, '6-1107', '前田', '光雄', 'マエダ', 'ミツオ', 'M', '2', '神戸大', '大阪', '001150', 5, 5, 'Entry', 0, '2017-05-21 14:44:08.294492', '2017-05-21 14:44:08.294543', 14),
(1049, '6-1819', '志賀', '遼太朗', 'シガ', 'リョウタロウ', 'M', '3', '大阪市立大', '三重', '001150', 5, 3, 'Entry', 0, '2017-05-21 14:44:08.312085', '2017-05-21 14:44:08.312134', 14),
(1050, '6-755', '小野', '貴裕', 'オノ', 'タカヒロ', 'M', '2', '京都大', '京都', '001150', 5, 6, 'Entry', 0, '2017-05-21 14:44:08.332560', '2017-05-21 14:44:08.332614', 14),
(1051, '6-705', '神先', '宏樹', 'カミサキ', 'ヒロキ', 'M', '3', '京都大', '兵庫', '001150', 5, 2, 'Entry', 0, '2017-05-21 14:44:08.350915', '2017-05-21 14:44:08.350963', 14),
(1052, '626', '神谷', '有輝', 'カミヤ', 'ユウキ', 'M', '3', '大阪大', '大阪', '001153', 5, 7, 'Entry', 0, '2017-05-21 14:44:08.369692', '2017-05-21 14:44:08.369734', 14),
(1053, '436', '山之内', '丈', 'ヤマノウチ', 'ジョウ', 'M', '4', '名古屋大', '広島', '001153', 5, 1, 'Entry', 0, '2017-05-21 14:44:08.386629', '2017-05-21 14:44:08.386679', 14),
(1054, '680', '藤原', '侑斗', 'フジハラ', 'ユウト', 'M', '1', '大阪大', '島根', '001154', 5, 8, 'Entry', 0, '2017-05-21 14:44:08.405401', '2017-05-21 14:44:08.405447', 14),
(1055, '659', '住平', '航', 'スミヒラ', 'ワタル', 'M', '2', '大阪大', '奈良', '001156', 6, 4, 'Entry', 0, '2017-05-21 14:44:08.422814', '2017-05-21 14:44:08.422859', 14),
(1056, '6-1088', '奥田', '真伍', 'オクダ', 'シンゴ', 'M', '3', '神戸大', '兵庫', '001157', 6, 5, 'Entry', 0, '2017-05-21 14:44:08.441450', '2017-05-21 14:44:08.441497', 14),
(1057, '6-1073', '森山', '和友', 'モリヤマ', 'カズト', 'M', '4', '神戸大', '兵庫', '001157', 6, 3, 'Entry', 0, '2017-05-21 14:44:08.459290', '2017-05-21 14:44:08.459335', 14),
(1058, '6-1082', '山根', '雄', 'ヤマネ', 'ユウ', 'M', '3', '神戸大', '兵庫', '001157', 6, 6, 'Entry', 0, '2017-05-21 14:44:08.476741', '2017-05-21 14:44:08.476808', 14),
(1059, '6-738', '西脇', '友哉', 'ニシワキ', 'トモヤ', 'M', '2', '京都大', '京都', '001160', 6, 2, 'Entry', 0, '2017-05-21 14:44:08.495411', '2017-05-21 14:44:08.495458', 14),
(1060, '6-943', '山本', '浩右', 'ヤマモト', 'コウスケ', 'M', 'M1', '大阪大', '和歌山', '001164', 6, 7, 'Entry', 0, '2017-05-21 14:44:08.513015', '2017-05-21 14:44:08.513060', 14),
(1061, '6-1084', '竹島', '周平', 'タケシマ', 'シュウヘイ', 'M', '3', '神戸大', '広島', '001165', 6, 1, 'Entry', 0, '2017-05-21 14:44:08.531023', '2017-05-21 14:44:08.531069', 14),
(1062, '6-688', '清水', '良輔', 'シミズ', 'リョウスケ', 'M', '4', '京都大', '群馬', '001169', 7, 4, 'Entry', 0, '2017-05-21 14:44:08.550327', '2017-05-21 14:44:08.550376', 14),
(1063, '6-1101', '岡本', '健', 'オカモト', 'ケン', 'M', '2', '神戸大', '兵庫', '001170', 7, 5, 'Entry', 0, '2017-05-21 14:44:08.567321', '2017-05-21 14:44:08.567364', 14),
(1064, '6-1119', '小山', '一志', 'コヤマ', 'カズシ', 'M', '3', '神戸大', '兵庫', '001170', 7, 3, 'Entry', 0, '2017-05-21 14:44:08.585517', '2017-05-21 14:44:08.585563', 14),
(1065, '410', '藤原', '聡一郎', 'フジワラ', 'ソウイチロウ', 'M', '4', '名古屋大', '愛知', '001170', 7, 6, 'Entry', 0, '2017-05-21 14:44:08.603636', '2017-05-21 14:44:08.603682', 14),
(1066, '6-756', '田中', '智也', 'タナカ', 'トモヤ', 'M', '2', '京都大', '奈良', '001170', 7, 2, 'Entry', 0, '2017-05-21 14:44:08.621453', '2017-05-21 14:44:08.621496', 14),
(1067, '6-692', '珍坂', '涼太', 'チンザカ', 'リョウタ', 'M', '4', '京都大', '大阪', '001170', 7, 7, 'Entry', 0, '2017-05-21 14:44:08.638381', '2017-05-21 14:44:08.638423', 14),
(1068, '6-699', '眞杉', '陸', 'マスギ', 'リク', 'M', '4', '京都大', '奈良', '001170', 7, 1, 'Entry', 0, '2017-05-21 14:44:08.656160', '2017-05-21 14:44:08.656208', 14),
(1069, '662', '田中', '俊輔', 'タナカ', 'シュンスケ', 'M', '2', '大阪大', '大阪', '001171', 7, 8, 'Entry', 0, '2017-05-21 14:44:08.675340', '2017-05-21 14:44:08.675384', 14),
(1070, '650', '片山', '虎之介', 'カタヤマ', 'トラノスケ', 'M', '2', '大阪大', '奈良', '001172', 8, 4, 'Entry', 0, '2017-05-21 14:44:08.692907', '2017-05-21 14:44:08.692953', 14),
(1071, '6-1100', '小谷', '祥吾', 'コタニ', 'ショウゴ', 'M', '2', '神戸大', '兵庫', '001177', 8, 5, 'Entry', 0, '2017-05-21 14:44:08.710961', '2017-05-21 14:44:08.711006', 14),
(1072, '6-2194', '源', '識之相', 'ミナモト', 'シンノスケ', 'M', '1', '大阪市立大', '大阪', '001180', 8, 3, 'Entry', 0, '2017-05-21 14:44:08.729073', '2017-05-21 14:44:08.729116', 14),
(1073, '433', '伊藤', '駿一郎', 'イトウ', 'シュンイチロウ', 'M', '2', '名古屋大', '愛知', '001180', 8, 6, 'Entry', 0, '2017-05-21 14:44:08.747729', '2017-05-21 14:44:08.747774', 14),
(1074, '618', '岩谷', '力也', 'イワタニ', 'リキヤ', 'M', '3', '大阪大', '大阪', '001180', 8, 2, 'Entry', 0, '2017-05-21 14:44:08.765611', '2017-05-21 14:44:08.765660', 14),
(1075, '6-1822', '松島', '陽平', 'マツシマ', 'ヨウヘイ', 'M', '3', '大阪市立大', '大阪', '001184', 8, 7, 'Entry', 0, '2017-05-21 14:44:08.796668', '2017-05-21 14:44:08.796747', 14),
(1076, '665', '信定', '佑紀', 'ノブサダ', 'ユウキ', 'M', '2', '大阪大', '岡山', '001185', 8, 1, 'Entry', 0, '2017-05-21 14:44:08.816664', '2017-05-21 14:44:08.816711', 14),
(1077, '6-747', '松井', 'そら', 'マツイ', 'ソラ', 'M', '2', '京都大', '京都', '001185', 8, 8, 'Entry', 0, '2017-05-21 14:44:08.836982', '2017-05-21 14:44:08.837029', 14),
(1078, '6-1811', '藤川', '健斗', 'フジカワ', 'ケント', 'M', '4', '大阪市立大', '兵庫', '001189', 9, 4, 'Entry', 0, '2017-05-21 14:44:08.854118', '2017-05-21 14:44:08.854170', 14),
(1079, '4001', '下村', '遼', 'シモムラ', 'ハルカ', 'M', 'OB', '愛知陸協', '愛知', '001190', 9, 5, 'Entry', 0, '2017-05-21 14:44:08.872932', '2017-05-21 14:44:08.872977', 14),
(1080, '6-952', '黒江', '裕貴', 'クロエ', 'ユウキ', 'M', 'M1', '大阪大', '京都', '001190', 9, 3, 'Entry', 0, '2017-05-21 14:44:08.889821', '2017-05-21 14:44:08.889872', 14),
(1081, '628', '北村', '匠', 'キタムラ', 'タクミ', 'M', '3', '大阪大', '高知', '001191', 9, 6, 'Entry', 0, '2017-05-21 14:44:08.907950', '2017-05-21 14:44:08.907996', 14),
(1082, '657', '柴垣', '向志', 'シバガキ', 'コウシ', 'M', '2', '大阪大', '大阪', '001192', 9, 2, 'Entry', 0, '2017-05-21 14:44:08.925306', '2017-05-21 14:44:08.925352', 14),
(1083, '658', '杉田', '幸輝', 'スギタ', 'コウキ', 'M', '2', '大阪大', '奈良', '001196', 9, 7, 'Entry', 0, '2017-05-21 14:44:08.944053', '2017-05-21 14:44:08.944101', 14),
(1084, '613', '藪内', '直孝', 'ヤブウチ', 'ナオタカ', 'M', '4', '大阪大', '大阪', '001200', 9, 1, 'Entry', 0, '2017-05-21 14:44:08.961839', '2017-05-21 14:44:08.961884', 14),
(1085, '6-2311', '野崎', '佑一', 'ノザキ', 'ユウイチ', 'M', '1', '神戸大', '滋賀', '001200', 10, 4, 'Entry', 0, '2017-05-21 14:44:08.979736', '2017-05-21 14:44:08.979778', 14),
(1086, '450', '大道', '卓也', 'オオミチ', 'タクヤ', 'M', '5', '名古屋大', '三重', '001200', 10, 5, 'Entry', 0, '2017-05-21 14:44:08.997729', '2017-05-21 14:44:08.997782', 14),
(1087, '6-694', '金子', '渓人', 'カネコ', 'ケイト', 'M', '4', '京都大', '愛知', '001234', 10, 3, 'Entry', 0, '2017-05-21 14:44:09.017249', '2017-05-21 14:44:09.017310', 14),
(1088, '6-693', '浅野', '智司', 'アサノ', 'サトシ', 'M', '4', '京都大', '滋賀', '001234', 10, 6, 'Entry', 0, '2017-05-21 14:44:09.035377', '2017-05-21 14:44:09.035423', 14),
(1089, '688', '齋藤', '宣樹', 'サイトウ', 'ノブキ', 'M', '1', '大阪大', '大阪', '001235', 10, 2, 'Entry', 0, '2017-05-21 14:44:09.058960', '2017-05-21 14:44:09.059008', 14),
(1090, '6-2310', '谷口', '聖太', 'タニグチ', 'ショウタ', 'M', '1', '神戸大', '大阪', '001240', 10, 7, 'Entry', 0, '2017-05-21 14:44:09.078829', '2017-05-21 14:44:09.078873', 14),
(1091, '6-1053', '𠮷田', '峻一', 'ヨシダ', 'シュンイチ', 'M', 'M2', '神戸大', '兵庫', '001300', 10, 1, 'Entry', 0, '2017-05-21 14:44:09.101488', '2017-05-21 14:44:09.101535', 14),
(1092, '6-1118', '木原', '日向', 'キハラ', 'ヒナタ', 'M', '3', '神戸大', '大阪', '001300', 11, 4, 'Entry', 0, '2017-05-21 14:44:09.123436', '2017-05-21 14:44:09.123570', 14),
(1093, '6-1052', '山下', '雄大', 'ヤマシタ', 'タカヒロ', 'M', 'M2', '神戸大', '京都', '001300', 11, 5, 'Entry', 0, '2017-05-21 14:44:09.144684', '2017-05-21 14:44:09.144726', 14),
(1094, '6-1117', '長友', '敬晃', 'ナガトモ', 'タカアキ', 'M', '2', '神戸大', '宮崎', '001300', 11, 3, 'Entry', 0, '2017-05-21 14:44:09.164513', '2017-05-21 14:44:09.164555', 14),
(1095, '6-1090', '西村', '拓海', 'ニシムラ', 'タクミ', 'M', '3', '神戸大', '兵庫', '001300', 11, 6, 'Entry', 0, '2017-05-21 14:44:09.186651', '2017-05-21 14:44:09.186694', 14),
(1096, '6-1077', '大塚', '健太郎', 'オオツカ', 'ケンタロウ', 'M', '4', '神戸大', '兵庫', '001300', 11, 2, 'Entry', 0, '2017-05-21 14:44:09.206801', '2017-05-21 14:44:09.206843', 14),
(1097, '6-1061', '瀧瀬', '祥良', 'タキセ', 'アキラ', 'M', '4', '神戸大', '京都', '001300', 11, 7, 'Entry', 0, '2017-05-21 14:44:09.226327', '2017-05-21 14:44:09.226368', 14),
(1098, '677', '木下', '将一', 'キノシタ', 'ショウイチ', 'M', '1', '大阪大', '兵庫', '001528', 11, 1, 'Entry', 0, '2017-05-21 14:44:09.244884', '2017-05-21 14:44:09.244926', 14),
(1099, '652', '川根', '聖矢', 'カワネ', 'セイヤ', 'M', '2', '大阪大', '京都', '001528', 12, 4, 'Entry', 0, '2017-05-21 14:44:09.267598', '2017-05-21 14:44:09.267649', 14),
(1100, '642', '吉國', '利啓', 'ヨシクニ', 'カツヒロ', 'M', '3', '大阪大', '兵庫', '001528', 12, 5, 'Entry', 0, '2017-05-21 14:44:09.288526', '2017-05-21 14:44:09.288577', 14),
(1101, '647', '大曲', '和輝', 'オオマガリ', 'カズキ', 'M', '2', '大阪大', '大阪', '001528', 12, 3, 'Entry', 0, '2017-05-21 14:44:09.310982', '2017-05-21 14:44:09.311031', 14),
(1102, '673', '山本', '誉志樹', 'ヤマモト', 'ヨシキ', 'M', '2', '大阪大', '兵庫', '001528', 12, 6, 'Entry', 0, '2017-05-21 14:44:09.330178', '2017-05-21 14:44:09.330227', 14),
(1103, '6-2273', '棚原', '大介', 'タナハラ', 'ダイスケ', 'M', '1', '大阪大', '大阪', '001528', 12, 2, 'Entry', 0, '2017-05-21 14:44:09.351382', '2017-05-21 14:44:09.351428', 14),
(1104, '686', '尾原', '正人', 'オハラ', 'マサト', 'M', '1', '大阪大', '静岡', '001528', 12, 7, 'Entry', 0, '2017-05-21 14:44:09.370006', '2017-05-21 14:44:09.370053', 14),
(1105, '687', '井内', '光', 'イウチ', 'カル', 'M', '1', '大阪大', '大阪', '001528', 12, 1, 'Entry', 0, '2017-05-21 14:44:09.387436', '2017-05-21 14:44:09.387481', 14),
(1106, '6-1029', '澤田', '隆成', 'サワダ', 'リュウセイ', 'M', '2', '大阪大', '大阪', '000000', 13, 4, 'Entry', 0, '2017-05-21 14:44:09.406355', '2017-05-21 14:44:09.406400', 14),
(1107, '491', 'サーカー', '慎悟', 'サーカー', 'シンゴ', 'M', '2', '名古屋大', '愛知', '000000', 13, 5, 'Entry', 0, '2017-05-21 14:44:09.424700', '2017-05-21 14:44:09.424745', 14),
(1108, '685', '川添', '洋祐', 'カワゾエ', 'ヨウスケ', 'M', '1', '大阪大', '鹿児島', '000000', 13, 3, 'Entry', 0, '2017-05-21 14:44:09.443883', '2017-05-21 14:44:09.443934', 14),
(1109, '6-926', '酒井', '政宏', 'サカイ', 'マサヒロ', 'M', 'D2', '大阪大', '大阪', '001300', 13, 6, 'Entry', 0, '2017-05-21 14:44:09.464426', '2017-05-21 14:44:09.464476', 14),
(1110, '4956', '細田', '真広', 'ホソダ', 'マサヒロ', 'M', 'OB', '満天クラブ', '大阪', '001300', 13, 2, 'Entry', 0, '2017-05-21 14:44:09.485707', '2017-05-21 14:44:09.485772', 14),
(1111, '2703', '高橋', '遼', 'タカハシ', 'リョウ', 'M', 'OB', '桃陰クラブ', '大阪', '001300', 13, 7, 'Entry', 0, '2017-05-21 14:44:09.507549', '2017-05-21 14:44:09.507599', 14),
(1112, '5589', '溝端', '竜也', 'ミゾバタ', 'リュウヤ', 'M', 'OB', '満天クラブ', '大阪', '001610', 13, 1, 'Entry', 0, '2017-05-21 14:44:09.533061', '2017-05-21 14:44:09.533112', 14),
(1113, '5294', '瀧口', '達也', 'タキグチ', 'タツヤ', 'M', 'OB', '満天クラブ', '大阪', '001610', 13, 8, 'Entry', 0, '2017-05-21 14:44:09.551850', '2017-05-21 14:44:09.551898', 14),
(1114, '6-694', '金子', '渓人', 'カネコ', 'ケイト', 'M', '4', '京都大', '愛知', '001650', -100, 3, 'Entry', 0, '2017-05-21 14:44:09.569523', '2017-05-21 14:44:09.569569', 36),
(1115, '6-1071', '藤原', '雅志', 'フジワラ', 'マサシ', 'M', '4', '神戸大', '大阪', '001493', 1, 4, 'Entry', 0, '2017-05-21 14:44:09.587862', '2017-05-21 14:44:09.587908', 36),
(1116, '6-701', '田中', '伸幸', 'タナカ', 'ノブユキ', 'M', '4', '京都大', '大阪', '001515', 1, 5, 'Entry', 0, '2017-05-21 14:44:09.605901', '2017-05-21 14:44:09.605949', 36),
(1117, '6-755', '小野', '貴裕', 'オノ', 'タカヒロ', 'M', '2', '京都大', '京都', '001529', 1, 3, 'Entry', 0, '2017-05-21 14:44:09.623254', '2017-05-21 14:44:09.623299', 36),
(1118, '6-943', '山本', '浩右', 'ヤマモト', 'コウスケ', 'M', 'M1', '大阪大', '和歌山', '001545', 1, 6, 'Entry', 0, '2017-05-21 14:44:09.641422', '2017-05-21 14:44:09.641465', 36),
(1119, '660', '仙石', '樹', 'センゴク', 'イツキ', 'M', '2', '大阪大', '大阪', '001607', 1, 2, 'Entry', 0, '2017-05-21 14:44:09.658926', '2017-05-21 14:44:09.658967', 36),
(1120, '6-747', '松井', 'そら', 'マツイ', 'ソラ', 'M', '2', '京都大', '京都', '001635', 2, 4, 'Entry', 0, '2017-05-21 14:44:09.677958', '2017-05-21 14:44:09.678005', 36),
(1121, '680', '藤原', '侑斗', 'フジハラ', 'ユウト', 'M', '1', '大阪大', '島根', '000000', 2, 5, 'Entry', 0, '2017-05-21 14:44:09.696572', '2017-05-21 14:44:09.696623', 36),
(1122, '422', '丸地', '正人', 'マルチ', 'マサト', 'M', '2', '名古屋大', '愛知', '001650', 2, 3, 'Entry', 0, '2017-05-21 14:44:09.714261', '2017-05-21 14:44:09.714310', 36),
(1123, '6-745', '平島', '敬也', 'ヒラシマ', 'ケイヤ', 'M', '2', '京都大', '福岡', '001657', 2, 6, 'Entry', 0, '2017-05-21 14:44:09.732993', '2017-05-21 14:44:09.733039', 36),
(1124, '657', '柴垣', '向志', 'シバガキ', 'コウシ', 'M', '2', '大阪大', '大阪', '001661', 2, 2, 'Entry', 0, '2017-05-21 14:44:09.751554', '2017-05-21 14:44:09.751600', 36),
(1125, '698', '仲保', '文太', 'ナカヤス', 'ブンタ', 'M', '1', '大阪大', '大阪', '000000', -100, 1, 'Entry', 0, '2017-05-21 14:44:09.770044', '2017-05-21 14:44:09.770089', 31),
(1126, '458', '森長', '真言', 'モリナガ', 'マコト', 'M', '4', '名古屋大', '愛知', '042000', -100, 10, 'Entry', 0, '2017-05-21 14:44:09.787205', '2017-05-21 14:44:09.787248', 31),
(1127, '448', '岸田', '裕也', 'キシダ', 'ユウヤ', 'M', 'M1', '名古屋大', '三重', '035595', 1, 10, 'Entry', 0, '2017-05-21 14:44:09.805467', '2017-05-21 14:44:09.805520', 31),
(1128, '449', '國司', '寛人', 'クニシ', 'ヒロト', 'M', 'M2', '名古屋大', '静岡', '035700', 1, 13, 'Entry', 0, '2017-05-21 14:44:09.822737', '2017-05-21 14:44:09.822785', 31),
(1129, '6457', '山口', '雄也', 'ヤマグチ', 'ユウヤ', 'M', 'False', '大阪陸協', '大阪', '035770', 1, 4, 'Entry', 0, '2017-05-21 14:44:09.840621', '2017-05-21 14:44:09.840666', 31),
(1130, '6-1121', '柴田', '拓真', 'シバタ', 'タクマ', 'M', '2', '神戸大', '大阪', '040400', 1, 9, 'Entry', 0, '2017-05-21 14:44:09.858833', '2017-05-21 14:44:09.858879', 31),
(1131, '461', '鈴木', '健弘', 'スズキ', 'タケヒロ', 'M', '3', '名古屋大', '愛知', '040500', 1, 3, 'Entry', 0, '2017-05-21 14:44:09.876904', '2017-05-21 14:44:09.876948', 31),
(1132, '464', '戸叶', '貴也', 'トカノ', 'タカヤ', 'M', '3', '名古屋大', '静岡', '040500', 1, 5, 'Entry', 0, '2017-05-21 14:44:09.895822', '2017-05-21 14:44:09.895870', 31),
(1133, '648', '奥田', '健太', 'オクダ', 'ケンタ', 'M', '2', '大阪大', '香川', '040500', 1, 8, 'Entry', 0, '2017-05-21 14:44:09.913617', '2017-05-21 14:44:09.913662', 31),
(1134, '416', '岩井', '宏樹', 'イワイ', 'ヒロキ', 'M', '3', '名古屋大', '愛知', '040700', 1, 7, 'Entry', 0, '2017-05-21 14:44:09.932956', '2017-05-21 14:44:09.933004', 31),
(1135, '641', '横田', '凱斗', 'ヨコタ', 'カイト', 'M', '3', '大阪大', '兵庫', '040722', 1, 2, 'Entry', 0, '2017-05-21 14:44:09.951439', '2017-05-21 14:44:09.951486', 31),
(1136, '459', '浮津', '照也', 'ウキツ', 'テルヤ', 'M', '3', '名古屋大', '愛知', '040999', 1, 14, 'Entry', 0, '2017-05-21 14:44:09.970375', '2017-05-21 14:44:09.970424', 31),
(1137, '6-1104', '南部', '慎', 'ナンブ', 'シン', 'M', '2', '神戸大', '三重', '041000', 1, 6, 'Entry', 0, '2017-05-21 14:44:09.988849', '2017-05-21 14:44:09.988895', 31),
(1138, '468', '萩原', '諒', 'ハギワラ', 'リョウ', 'M', '3', '名古屋大', '群馬', '041000', 1, 12, 'Entry', 0, '2017-05-21 14:44:10.008283', '2017-05-21 14:44:10.008328', 31),
(1139, '478', '清水', '貴也', 'シミズ', 'タカヤ', 'M', '2', '名古屋大', '静岡', '041000', 1, 11, 'Entry', 0, '2017-05-21 14:44:10.026606', '2017-05-21 14:44:10.026649', 31),
(1140, '495', '藤原', '昌平', 'フジワラ', 'ショウヘイ', 'M', 'M1', '名古屋大', '愛知', '041000', 1, 1, 'Entry', 0, '2017-05-21 14:44:10.044349', '2017-05-21 14:44:10.044394', 31),
(1141, '6-932', '藤', '諒健', 'フジ', 'リョウケン', 'M', 'M2', '大阪大', '徳島', '041000', 2, 6, 'Entry', 0, '2017-05-21 14:44:10.062983', '2017-05-21 14:44:10.063057', 31),
(1142, '633', '中谷', '公貴', 'ナカタニ', 'コウキ', 'M', '3', '大阪大', '大阪', '041000', 2, 11, 'Entry', 0, '2017-05-21 14:44:10.079654', '2017-05-21 14:44:10.079696', 31),
(1143, '637', '濱野', '達海', 'ハマノ', 'タツミ', 'M', '3', '大阪大', '埼玉', '041000', 2, 13, 'Entry', 0, '2017-05-21 14:44:10.097636', '2017-05-21 14:44:10.097682', 31),
(1144, '454', '降籏', '賢人', 'フルハタ', 'ケント', 'M', '4', '名古屋大', '長野', '041050', 2, 3, 'Entry', 0, '2017-05-21 14:44:10.115715', '2017-05-21 14:44:10.115764', 31),
(1145, '460', '柴田', '雄斗', 'シバタ', 'ユウト', 'M', '3', '名古屋大', '愛知', '041200', 2, 12, 'Entry', 0, '2017-05-21 14:44:10.134364', '2017-05-21 14:44:10.134415', 31),
(1146, '413', '木村', '健太郎', 'キムラ', 'ケンタロウ', 'M', '3', '名古屋大', '愛知', '041300', 2, 8, 'Entry', 0, '2017-05-21 14:44:10.151480', '2017-05-21 14:44:10.151523', 31),
(1147, '475', '齋藤', '幹峻', 'サイトウ', 'ミキトシ', 'M', '2', '名古屋大', '愛知', '041500', 2, 4, 'Entry', 0, '2017-05-21 14:44:10.169719', '2017-05-21 14:44:10.169766', 31),
(1148, '6-1835', '伏本', 'カーディン', 'フシモト', 'カーディン', 'M', '2', '大阪市立大', '大阪', '042000', 2, 7, 'Entry', 0, '2017-05-21 14:44:10.187603', '2017-05-21 14:44:10.187648', 31),
(1149, '6-1820', '姫野', '拓真', 'ヒメノ', 'タクマ', 'M', '3', '大阪市立大', '京都', '042000', 2, 2, 'Entry', 0, '2017-05-21 14:44:10.205099', '2017-05-21 14:44:10.205146', 31),
(1150, '463', '竹原', '佑亮', 'タケハラ', 'ユウスケ', 'M', '3', '名古屋大', '愛知', '042000', 2, 1, 'Entry', 0, '2017-05-21 14:44:10.223013', '2017-05-21 14:44:10.223057', 31),
(1151, '472', '小川', '瑞貴', 'オガワ', 'ミズキ', 'M', '2', '名古屋大', '愛知', '042000', 2, 10, 'Entry', 0, '2017-05-21 14:44:10.238809', '2017-05-21 14:44:10.238868', 31),
(1152, '480', '松田', '克洋', 'マツダ', 'ヨシヒロ', 'M', '2', '名古屋大', '愛知', '042000', 2, 9, 'Entry', 0, '2017-05-21 14:44:10.258588', '2017-05-21 14:44:10.258634', 31),
(1153, '649', '樫山', '直生', 'カシヤマ', 'ナオキ', 'M', '2', '大阪大', '和歌山', '041000', 2, 5, 'Entry', 0, '2017-05-21 14:44:10.277211', '2017-05-21 14:44:10.277252', 31),
(1154, '699', '日髙', '凌', 'ヒダカ', 'リョウ', 'M', '1', '大阪大', '大阪', '041800', 2, 14, 'Entry', 0, '2017-05-21 14:44:10.293119', '2017-05-21 14:44:10.293159', 31),
(1155, '452', '千葉', '俊季', 'チバ', 'トシキ', 'M', '4', '名古屋大', '愛知', '042000', 3, 6, 'Entry', 0, '2017-05-21 14:44:10.310424', '2017-05-21 14:44:10.310478', 31),
(1156, '420', '飯田', '康平', 'イイダ', 'コウヘイ', 'M', '3', '名古屋大', '三重', '042000', 3, 7, 'Entry', 0, '2017-05-21 14:44:10.327501', '2017-05-21 14:44:10.327639', 31),
(1157, '654', '工藤', '陽貴', 'クドウ', 'ハルキ', 'M', '2', '大阪大', '大阪', '042000', 3, 5, 'Entry', 0, '2017-05-21 14:44:10.345943', '2017-05-21 14:44:10.345999', 31),
(1158, '661', '田川', '太一', 'タガワ', 'タイチ', 'M', '2', '大阪大', '大阪', '042000', 3, 3, 'Entry', 0, '2017-05-21 14:44:10.364011', '2017-05-21 14:44:10.364053', 31),
(1159, '473', '近藤', '利哉', 'コンドウ', 'トシヤ', 'M', '2', '名古屋大', '愛知', '042900', 3, 14, 'Entry', 0, '2017-05-21 14:44:10.380649', '2017-05-21 14:44:10.380691', 31),
(1160, '451', '大越', '拓実', 'オオコシ', 'タクミ', 'M', '4', '名古屋大', '愛知', '043000', 3, 10, 'Entry', 0, '2017-05-21 14:44:10.396732', '2017-05-21 14:44:10.396773', 31),
(1161, '493', '長谷川', '和紀', 'ハセガワ', 'カズキ', 'M', '1', '名古屋大', '三重', '043000', 3, 11, 'Entry', 0, '2017-05-21 14:44:10.413524', '2017-05-21 14:44:10.413568', 31),
(1162, '643', '今井', '達也', 'イマイ', 'タツヤ', 'M', '2', '大阪大', '大阪', '043000', 3, 13, 'Entry', 0, '2017-05-21 14:44:10.431732', '2017-05-21 14:44:10.431779', 31),
(1163, '646', '大沼', '響', 'オオヌマ', 'キョウ', 'M', '2', '大阪大', '大阪', '044900', 3, 12, 'Entry', 0, '2017-05-21 14:44:10.443052', '2017-05-21 14:44:10.443092', 31),
(1164, '484', '内田', '朋秀', 'ウチダ', 'トモヒデ', 'M', '1', '名古屋大', '群馬', '045000', 3, 9, 'Entry', 0, '2017-05-21 14:44:10.460111', '2017-05-21 14:44:10.460154', 31),
(1165, '485', '大江', '崇', 'オオエ', 'タカシ', 'M', '1', '名古屋大', '愛知', '045000', 3, 1, 'Entry', 0, '2017-05-21 14:44:10.477253', '2017-05-21 14:44:10.477293', 31),
(1166, '693', '大塚', '遼', 'オオツカ', 'リョウ', 'M', '1', '大阪大', '大阪', '045300', 3, 4, 'Entry', 0, '2017-05-21 14:44:10.493620', '2017-05-21 14:44:10.493664', 31),
(1167, '6-2276', '平沼', '光象', 'ヒラヌマ', 'コウゾウ', 'M', '3', '大阪大', '大阪', '000000', 2, 8, 'Entry', 0, '2017-05-21 14:44:10.511723', '2017-05-21 14:44:10.511767', 31),
(1168, '692', '帶島', '滉生', 'オビシマ', 'コウキ', 'M', '1', '大阪大', '兵庫', '000000', 2, 2, 'Entry', 0, '2017-05-21 14:44:10.523304', '2017-05-21 14:44:10.523348', 31),
(1169, '429', '新海', '涼司', 'シンカイ', 'リョウジ', 'M', '2', '名古屋大', '愛知', '002303', -100, 5, 'Entry', 0, '2017-05-21 14:44:10.541289', '2017-05-21 14:44:10.541334', 19),
(1170, '602', '井筒', '功貴', 'イヅツ', 'コウキ', 'M', '4', '大阪大', '奈良', '002334', -100, 4, 'Entry', 0, '2017-05-21 14:44:10.557448', '2017-05-21 14:44:10.557493', 19),
(1171, '6-2192', '小林', '大航', 'コバヤシ', 'ヒロキ', 'M', '1', '大阪市立大', '大阪', '002150', 1, 4, 'Entry', 0, '2017-05-21 14:44:10.575173', '2017-05-21 14:44:10.575212', 19),
(1172, '6-942', '藤原', '宇央', 'フジワラ', 'ネオ', 'M', 'M1', '大阪大', '大阪', '002155', 1, 5, 'Entry', 0, '2017-05-21 14:44:10.591730', '2017-05-21 14:44:10.591774', 19),
(1173, '465', '中島', '祐市', 'ナカシマ', 'ユウイチ', 'M', '3', '名古屋市立大', '愛知', '002168', 1, 3, 'Entry', 0, '2017-05-21 14:44:10.609054', '2017-05-21 14:44:10.609098', 19),
(1174, '6-1797', '高津', '良平', 'コウヅ', 'リョウヘイ', 'M', 'M1', '大阪市立大', '大阪', '002177', 1, 6, 'Entry', 0, '2017-05-21 14:44:10.625771', '2017-05-21 14:44:10.625815', 19),
(1175, '6-947', '高塚', '誠司', 'タカツカ', 'セイジ', 'M', 'M1', '大阪大', '岡山', '002190', 1, 2, 'Entry', 0, '2017-05-21 14:44:10.643140', '2017-05-21 14:44:10.643184', 19),
(1176, '6-1094', '水野', '翔太', 'ミズノ', 'ショウタ', 'M', '3', '神戸大', '大阪', '002222', 1, 7, 'Entry', 0, '2017-05-21 14:44:10.660297', '2017-05-21 14:44:10.660341', 19),
(1177, '677', '木下', '将一', 'キノシタ', 'ショウイチ', 'M', '1', '大阪大', '兵庫', '002234', 1, 1, 'Entry', 0, '2017-05-21 14:44:10.671387', '2017-05-21 14:44:10.671428', 19),
(1178, '6-1083', '近藤', '佑哉', 'コンドウ', 'ユウヤ', 'M', '3', '神戸大', '愛知', '002234', 1, 8, 'Entry', 0, '2017-05-21 14:44:10.687592', '2017-05-21 14:44:10.687634', 19),
(1179, '447', '河辺', '悦太郎', 'カワベ', 'エツタロウ', 'M', 'M1', '名古屋大', '愛知', '002240', 2, 4, 'Entry', 0, '2017-05-21 14:44:10.704203', '2017-05-21 14:44:10.704243', 19),
(1180, '406', '伊ケ崎', '一哉', 'イガサキ', 'カズヤ', 'M', '2', '名古屋大', '静岡', '002250', 2, 5, 'Entry', 0, '2017-05-21 14:44:10.721149', '2017-05-21 14:44:10.721194', 19),
(1181, '6-724', '岡本', '和也', 'オカモト', 'カズヤ', 'M', '3', '京都大', '大阪', '002250', 2, 3, 'Entry', 0, '2017-05-21 14:44:10.737475', '2017-05-21 14:44:10.737531', 19),
(1182, '6-951', '小口', '伸', 'コグチ', 'シン', 'M', 'M1', '大阪大', '岡山', '002254', 2, 6, 'Entry', 0, '2017-05-21 14:44:10.755143', '2017-05-21 14:44:10.755187', 19),
(1183, '6-946', '國田', '凌輝', 'クニタ', 'リョウキ', 'M', 'M1', '大阪大', '三重', '002254', 2, 2, 'Entry', 0, '2017-05-21 14:44:10.771689', '2017-05-21 14:44:10.771734', 19),
(1184, '607', '佐野', '佑城', 'サノ', 'ユウキ', 'M', '4', '大阪大', '大阪', '002265', 2, 7, 'Entry', 0, '2017-05-21 14:44:10.789799', '2017-05-21 14:44:10.789844', 19),
(1185, '6-1799', '村上', '隆一郎', 'ムラカミ', 'リュウイチロウ', 'M', '4', '大阪市立大', '大阪', '002280', 2, 1, 'Entry', 0, '2017-05-21 14:44:10.806939', '2017-05-21 14:44:10.806983', 19),
(1186, '6-705', '神先', '宏樹', 'カミサキ', 'ヒロキ', 'M', '3', '京都大', '兵庫', '002281', 2, 8, 'Entry', 0, '2017-05-21 14:44:10.824354', '2017-05-21 14:44:10.824397', 19),
(1187, '6-1073', '森山', '和友', 'モリヤマ', 'カズト', 'M', '4', '神戸大', '兵庫', '002289', 3, 4, 'Entry', 0, '2017-05-21 14:44:10.840856', '2017-05-21 14:44:10.840900', 19),
(1188, '6-699', '眞杉', '陸', 'マスギ', 'リク', 'M', '4', '京都大', '奈良', '002290', 3, 5, 'Entry', 0, '2017-05-21 14:44:10.852431', '2017-05-21 14:44:10.852473', 19),
(1189, '462', '鈴木', '日向', 'スズキ', 'ヒュウガ', 'M', '3', '名古屋大', '愛知', '002300', 3, 3, 'Entry', 0, '2017-05-21 14:44:10.868997', '2017-05-21 14:44:10.869044', 19),
(1190, '410', '藤原', '聡一郎', 'フジワラ', 'ソウイチロウ', 'M', '4', '名古屋大', '愛知', '002300', 3, 6, 'Entry', 0, '2017-05-21 14:44:10.886621', '2017-05-21 14:44:10.886666', 19),
(1191, '6-1819', '志賀', '遼太朗', 'シガ', 'リョウタロウ', 'M', '3', '大阪市立大', '三重', '002300', 3, 2, 'Entry', 0, '2017-05-21 14:44:10.902872', '2017-05-21 14:44:10.902913', 19),
(1192, '6-2387', '福田', '将大', 'フクダ', 'ショウタ', 'M', '1', '大阪市立大', '大阪', '002300', 3, 7, 'Entry', 0, '2017-05-21 14:44:10.932635', '2017-05-21 14:44:10.932680', 19),
(1193, '611', '平谷', '光佑', 'ヒラタニ', 'コウスケ', 'M', '4', '大阪大', '和歌山', '002300', 3, 1, 'Entry', 0, '2017-05-21 14:44:10.949925', '2017-05-21 14:44:10.949969', 19),
(1194, '2733', '山本', '尚季', 'ヤマモト', 'ナオキ', 'M', 'OB', '神戸市陸協', '兵庫', '002300', 3, 8, 'Entry', 0, '2017-05-21 14:44:10.968323', '2017-05-21 14:44:10.968369', 19),
(1195, '6-927', '安田', '貴也', 'ヤスダ', 'タカヤ', 'M', 'M2', '大阪大', '大阪', '002300', 4, 4, 'Entry', 0, '2017-05-21 14:44:10.985202', '2017-05-21 14:44:10.985242', 19),
(1196, '650', '片山', '虎之介', 'カタヤマ', 'トラノスケ', 'M', '2', '大阪大', '奈良', '002303', 4, 5, 'Entry', 0, '2017-05-21 14:44:11.004116', '2017-05-21 14:44:11.004183', 19),
(1197, '6-1107', '前田', '光雄', 'マエダ', 'ミツオ', 'M', '2', '神戸大', '大阪', '002308', 4, 3, 'Entry', 0, '2017-05-21 14:44:11.023541', '2017-05-21 14:44:11.023609', 19),
(1198, '6-738', '西脇', '友哉', 'ニシワキ', 'トモヤ', 'M', '2', '京都大', '京都', '002308', 4, 6, 'Entry', 0, '2017-05-21 14:44:11.040352', '2017-05-21 14:44:11.040394', 19),
(1199, '6-1088', '奥田', '真伍', 'オクダ', 'シンゴ', 'M', '3', '神戸大', '兵庫', '002320', 4, 2, 'Entry', 0, '2017-05-21 14:44:11.056204', '2017-05-21 14:44:11.056245', 19),
(1200, '6-1082', '山根', '雄', 'ヤマネ', 'ユウ', 'M', '3', '神戸大', '兵庫', '002320', 4, 7, 'Entry', 0, '2017-05-21 14:44:11.073582', '2017-05-21 14:44:11.073628', 19),
(1201, '608', '田中', '陽久', 'タナカ', 'アキヒサ', 'M', '4', '大阪大', '大阪', '002328', 4, 1, 'Entry', 0, '2017-05-21 14:44:11.091500', '2017-05-21 14:44:11.091544', 19),
(1202, '621', '岡崎', '祐樹', 'オカザキ', 'ユウキ', 'M', '3', '大阪大', '大阪', '002335', 5, 4, 'Entry', 0, '2017-05-21 14:44:11.107365', '2017-05-21 14:44:11.107405', 19),
(1203, '6-2279', '喜多', '政天', 'キタ', 'マサタカ', 'M', '1', '神戸大', '奈良', '002340', 5, 5, 'Entry', 0, '2017-05-21 14:44:11.124532', '2017-05-21 14:44:11.124577', 19),
(1204, '6-688', '清水', '良輔', 'シミズ', 'リョウスケ', 'M', '4', '京都大', '群馬', '002340', 5, 3, 'Entry', 0, '2017-05-21 14:44:11.141922', '2017-05-21 14:44:11.141967', 19),
(1205, '6-1101', '岡本', '健', 'オカモト', 'ケン', 'M', '2', '神戸大', '兵庫', '002342', 5, 6, 'Entry', 0, '2017-05-21 14:44:11.159515', '2017-05-21 14:44:11.159559', 19),
(1206, '6-1085', '金丸', '和嗣', 'カナマル', 'カズシ', 'M', '3', '神戸大', '和歌山', '002344', 5, 2, 'Entry', 0, '2017-05-21 14:44:11.177273', '2017-05-21 14:44:11.177320', 19),
(1207, '671', '松本', '雄志郎', 'マツモト', 'ユウシロウ', 'M', '2', '大阪大', '大阪', '002350', 5, 7, 'Entry', 0, '2017-05-21 14:44:11.205419', '2017-05-21 14:44:11.205460', 19),
(1208, '6-2272', '宮滝', '雅己', 'ミヤタキ', 'マサキ', 'M', '1', '大阪大', '大阪', '002350', 5, 1, 'Entry', 0, '2017-05-21 14:44:11.222299', '2017-05-21 14:44:11.222347', 19),
(1209, '6-756', '田中', '智也', 'タナカ', 'トモヤ', 'M', '2', '京都大', '奈良', '002350', 6, 4, 'Entry', 0, '2017-05-21 14:44:11.239164', '2017-05-21 14:44:11.239206', 19),
(1210, '6-1832', '荒田', '一樹', 'アラタ', 'カズキ', 'M', '2', '大阪市立大', '大阪', '002357', 6, 5, 'Entry', 0, '2017-05-21 14:44:11.256634', '2017-05-21 14:44:11.256678', 19),
(1211, '626', '神谷', '有輝', 'カミヤ', 'ユウキ', 'M', '3', '大阪大', '大阪', '002370', 6, 3, 'Entry', 0, '2017-05-21 14:44:11.272437', '2017-05-21 14:44:11.272480', 19),
(1212, '469', '山中', '魁人', 'ヤマナカ', 'カイト', 'M', '3', '名古屋大', '愛知', '002380', 6, 6, 'Entry', 0, '2017-05-21 14:44:11.289864', '2017-05-21 14:44:11.289909', 19),
(1213, '658', '杉田', '幸輝', 'スギタ', 'コウキ', 'M', '2', '大阪大', '0', '002395', 6, 2, 'Entry', 0, '2017-05-21 14:44:11.307514', '2017-05-21 14:44:11.307559', 19),
(1214, '450', '大道', '卓也', 'オオミチ', 'タクヤ', 'M', '5', '名古屋大', '三重', '002400', 6, 7, 'Entry', 0, '2017-05-21 14:44:11.325478', '2017-05-21 14:44:11.325521', 19),
(1215, '4001', '下村', '遼', 'シモムラ', 'ハルカ', 'M', 'OB', '愛知陸協', '愛知', '002400', 6, 1, 'Entry', 0, '2017-05-21 14:44:11.356381', '2017-05-21 14:44:11.356426', 19),
(1216, '659', '住平', '航', 'スミヒラ', 'ワタル', 'M', '2', '大阪大', '奈良', '002416', 6, 8, 'Entry', 0, '2017-05-21 14:44:11.374047', '2017-05-21 14:44:11.374091', 19),
(1217, '491', 'サーカー', '慎悟', 'サーカー', 'シンゴ', 'M', '2', '名古屋大', '愛知', '000000', 7, 4, 'Entry', 0, '2017-05-21 14:44:11.392107', '2017-05-21 14:44:11.392273', 19),
(1218, '665', '信定', '佑紀', 'ノブサダ', 'ユウキ', 'M', '2', '大阪大', '岡山', '002419', 7, 5, 'Entry', 0, '2017-05-21 14:44:11.408480', '2017-05-21 14:44:11.408521', 19),
(1219, '628', '北村', '匠', 'キタムラ', 'タクミ', 'M', '3', '大阪大', '高知', '002438', 7, 3, 'Entry', 0, '2017-05-21 14:44:11.425509', '2017-05-21 14:44:11.425551', 19),
(1220, '660', '仙石', '樹', 'センゴク', 'イツキ', 'M', '2', '大阪大', '大阪', '002446', 7, 6, 'Entry', 0, '2017-05-21 14:44:11.442886', '2017-05-21 14:44:11.442933', 19),
(1221, '613', '藪内', '直孝', 'ヤブウチ', 'ナオタカ', 'M', '4', '大阪大', '大阪', '002450', 7, 2, 'Entry', 0, '2017-05-21 14:44:11.459094', '2017-05-21 14:44:11.459134', 19),
(1222, '6-666', '豊本', '竜希', 'トヨモト', 'リュウキ', 'M', 'M2', '京都大', '富山', '002550', 7, 7, 'Entry', 0, '2017-05-21 14:44:11.476948', '2017-05-21 14:44:11.477002', 19),
(1223, '602', '井筒', '功貴', 'イヅツ', 'コウキ', 'M', '4', '大阪大', '奈良', '005092', -100, 1, 'Entry', 0, '2017-05-21 14:44:11.492688', '2017-05-21 14:44:11.492729', 23),
(1224, '6-1830', '植田', '理貴', 'ウエダ', 'ヨシキ', 'M', '2', '大阪市立大', '大阪', '005400', -100, 6, 'Entry', 0, '2017-05-21 14:44:11.510436', '2017-05-21 14:44:11.510486', 23),
(1225, '608', '田中', '陽久', 'タナカ', 'アキヒサ', 'M', '4', '大阪大', '大阪', '005400', -100, 2, 'Entry', 0, '2017-05-21 14:44:11.526990', '2017-05-21 14:44:11.527031', 23),
(1226, '481', '茂田', '孝弘', 'モダ', 'タカヒロ', 'M', '2', '名古屋大', '愛知', '005500', -100, 3, 'Entry', 0, '2017-05-21 14:44:11.543967', '2017-05-21 14:44:11.544007', 23),
(1227, '683', '志賀', '颯', 'シガ', 'ハヤタ', 'M', '1', '大阪大', '兵庫', '004815', 1, 6, 'Entry', 0, '2017-05-21 14:44:11.560485', '2017-05-21 14:44:11.560529', 23),
(1228, '6-947', '高塚', '誠司', 'タカツカ', 'セイジ', 'M', 'M1', '大阪大', '岡山', '004850', 1, 5, 'Entry', 0, '2017-05-21 14:44:11.577361', '2017-05-21 14:44:11.577401', 23),
(1229, '607', '佐野', '佑城', 'サノ', 'ユウキ', 'M', '4', '大阪大', '大阪', '004962', 1, 3, 'Entry', 0, '2017-05-21 14:44:11.593547', '2017-05-21 14:44:11.593588', 23),
(1230, '482', '森', '大和', 'モリ', 'ヤマト', 'M', '2', '名古屋市立大', '愛知', '005000', 1, 2, 'Entry', 0, '2017-05-21 14:44:11.610491', '2017-05-21 14:44:11.610534', 23),
(1231, '6-1104', '南部', '慎', 'ナンブ', 'シン', 'M', '2', '神戸大', '三重', '005000', 1, 7, 'Entry', 0, '2017-05-21 14:44:11.627847', '2017-05-21 14:44:11.627890', 23),
(1232, '6-699', '眞杉', '陸', 'マスギ', 'リク', 'M', '4', '京都大', '奈良', '005027', 1, 8, 'Entry', 0, '2017-05-21 14:44:11.644142', '2017-05-21 14:44:11.644186', 23),
(1233, '6-1110', '高柳', '正徳', 'タカヤナギ', 'マサノリ', 'M', '2', '神戸大', '大阪', '005030', 2, 4, 'Entry', 0, '2017-05-21 14:44:11.660991', '2017-05-21 14:44:11.661032', 23),
(1234, '667', '平松', '力', 'ヒラマツ', 'リキ', 'M', '2', '大阪大', '愛知', '005043', 2, 5, 'Entry', 0, '2017-05-21 14:44:11.678303', '2017-05-21 14:44:11.678345', 23),
(1235, '666', '長谷部', '豪', 'ハセベ', 'ゴウ', 'M', '2', '大阪大', '大阪', '005050', 2, 3, 'Entry', 0, '2017-05-21 14:44:11.696017', '2017-05-21 14:44:11.696061', 23),
(1236, '619', '岩松', '尚杜', 'イワマツ', 'ナオト', 'M', '3', '大阪大', '奈良', '005055', 2, 6, 'Entry', 0, '2017-05-21 14:44:11.713077', '2017-05-21 14:44:11.713120', 23),
(1237, '6-2277', '長', '奎吾', 'チョウ', 'ケイゴ', 'M', '1', '大阪大', '大阪', '005056', 2, 2, 'Entry', 0, '2017-05-21 14:44:11.730824', '2017-05-21 14:44:11.730867', 23),
(1238, '6-1119', '小山', '一志', 'コヤマ', 'カズシ', 'M', '3', '神戸大', '兵庫', '005079', 2, 7, 'Entry', 0, '2017-05-21 14:44:11.748016', '2017-05-21 14:44:11.748060', 23),
(1239, '462', '鈴木', '日向', 'スズキ', 'ヒュウガ', 'M', '3', '名古屋大', '愛知', '005100', 3, 4, 'Entry', 0, '2017-05-21 14:44:11.765226', '2017-05-21 14:44:11.765281', 23),
(1240, '6-1084', '竹島', '周平', 'タケシマ', 'シュウヘイ', 'M', '3', '神戸大', '広島', '005100', 3, 5, 'Entry', 0, '2017-05-21 14:44:11.783142', '2017-05-21 14:44:11.783188', 23),
(1241, '6-724', '岡本', '和也', 'オカモト', 'カズヤ', 'M', '3', '京都大', '大阪', '005100', 3, 3, 'Entry', 0, '2017-05-21 14:44:11.799369', '2017-05-21 14:44:11.799408', 23),
(1242, '6-1009', '寺前', '凌', 'テラマエ', 'リョウ', 'M', '2', '大阪大', '大阪', '005107', 3, 6, 'Entry', 0, '2017-05-21 14:44:11.817248', '2017-05-21 14:44:11.817293', 23),
(1243, '621', '岡崎', '祐樹', 'オカザキ', 'ユウキ', 'M', '3', '大阪大', '大阪', '005140', 3, 2, 'Entry', 0, '2017-05-21 14:44:11.834296', '2017-05-21 14:44:11.834341', 23),
(1244, '6-753', '水野', '廉也', 'ミズノ', 'レンヤ', 'M', '2', '京都大', '大阪', '005148', 3, 7, 'Entry', 0, '2017-05-21 14:44:11.852299', '2017-05-21 14:44:11.852344', 23),
(1245, '695', '畑', '健将', 'ハタ', 'ケンスケ', 'M', '1', '大阪大', '兵庫', '005150', 4, 4, 'Entry', 0, '2017-05-21 14:44:11.868925', '2017-05-21 14:44:11.868969', 23),
(1246, '457', '水元', '洋文', 'ミズモト', 'ヒロフミ', 'M', '4', '名古屋大', '愛知', '005160', 4, 5, 'Entry', 0, '2017-05-21 14:44:11.886441', '2017-05-21 14:44:11.886486', 23),
(1247, '658', '杉田', '幸輝', 'スギタ', 'コウキ', 'M', '2', '大阪大', '奈良', '005188', 4, 3, 'Entry', 0, '2017-05-21 14:44:11.903400', '2017-05-21 14:44:11.903448', 23),
(1248, '477', '佐藤', '晃平', 'サトウ', 'コウヘイ', 'M', '2', '名古屋市立大', '愛知', '005200', 4, 6, 'Entry', 0, '2017-05-21 14:44:11.919608', '2017-05-21 14:44:11.919649', 23),
(1249, '479', '谷', '亮成', 'タニ', 'リョウセイ', 'M', '2', '名古屋市立大', '愛知', '005200', 4, 2, 'Entry', 0, '2017-05-21 14:44:11.936983', '2017-05-21 14:44:11.937023', 23),
(1250, '425', '稲見', '英和', 'イナミ', 'ヒデカズ', 'M', '3', '名古屋大', '愛知', '005217', 4, 7, 'Entry', 0, '2017-05-21 14:44:11.955204', '2017-05-21 14:44:11.955243', 23),
(1251, '6-1121', '柴田', '拓真', 'シバタ', 'タクマ', 'M', '2', '神戸大', '大阪', '005229', 4, 1, 'Entry', 0, '2017-05-21 14:44:11.972988', '2017-05-21 14:44:11.973033', 23),
(1252, '6-691', '坂口', '雄太', 'サカグチ', 'ユウタ', 'M', '4', '京都大', '大阪', '005233', 5, 4, 'Entry', 0, '2017-05-21 14:44:11.990777', '2017-05-21 14:44:11.990823', 23),
(1253, '682', '松本', '拓馬', 'マツモト', 'タクマ', 'M', '1', '大阪大', '大阪', '005300', 5, 5, 'Entry', 0, '2017-05-21 14:44:12.009032', '2017-05-21 14:44:12.009076', 23),
(1254, '6-1092', '山下', '駿平', 'ヤマシタ', 'シュンペイ', 'M', '3', '神戸大', '兵庫', '005350', 5, 3, 'Entry', 0, '2017-05-21 14:44:12.026465', '2017-05-21 14:44:12.026532', 23),
(1255, '6-1116', '荒木', '優太', 'アラキ', 'ユウタ', 'M', '2', '神戸大', '広島', '005400', 5, 6, 'Entry', 0, '2017-05-21 14:44:12.043285', '2017-05-21 14:44:12.043328', 23),
(1256, '6-1822', '松島', '陽平', 'マツシマ', 'ヨウヘイ', 'M', '3', '大阪市立大', '大阪', '005440', 5, 2, 'Entry', 0, '2017-05-21 14:44:12.060116', '2017-05-21 14:44:12.060161', 23),
(1257, '622', '尾川', '雅隆', 'オガワ', 'マサタカ', 'M', '3', '大阪大', '島根', '005475', 5, 7, 'Entry', 0, '2017-05-21 14:44:12.077366', '2017-05-21 14:44:12.077409', 23),
(1258, '685', '川添', '洋祐', 'カワゾエ', 'ヨウスケ', 'M', '1', '大阪大', '鹿児島', '000000', 6, 4, 'Entry', 0, '2017-05-21 14:44:12.094078', '2017-05-21 14:44:12.094121', 23),
(1259, '696', '永田', '怜', 'ナガタ', 'レイ', 'M', '1', '大阪大', '滋賀', '000000', 6, 5, 'Entry', 0, '2017-05-21 14:44:12.111383', '2017-05-21 14:44:12.111422', 23),
(1260, '6-2272', '宮滝', '雅己', 'ミヤタキ', 'マサキ', 'M', '1', '大阪大', '大阪', '005500', 6, 3, 'Entry', 0, '2017-05-21 14:44:12.127901', '2017-05-21 14:44:12.127944', 23),
(1261, '6-1070', '轡田', '涼', 'クツワダ', 'リョウ', 'M', '4', '神戸大', '兵庫', '005600', 6, 6, 'Entry', 0, '2017-05-21 14:44:12.145764', '2017-05-21 14:44:12.145806', 23),
(1262, '6-666', '豊本', '竜希', 'トヨモト', 'リュウキ', 'M', 'M2', '京都大', '富山', '005600', 6, 2, 'Entry', 0, '2017-05-21 14:44:12.163325', '2017-05-21 14:44:12.163370', 23),
(1263, '670', '松川', '敏徳', 'マツカワ', 'トシノリ', 'M', '2', '大阪大', '京都', '005720', 6, 7, 'Entry', 0, '2017-05-21 14:44:12.179889', '2017-05-21 14:44:12.179932', 23),
(1264, '487', '河上', '知良', 'カワカミ', 'チカラ', 'M', '1', '名古屋大', '愛知', '005900', 6, 1, 'Entry', 0, '2017-05-21 14:44:12.198064', '2017-05-21 14:44:12.198109', 23),
(1265, '6-1828', '徳田', '和優', 'トクダ', 'カズヒロ', 'M', '2', '大阪市立大', '大阪', '005443', 1, 4, 'Entry', 0, '2017-05-21 14:44:12.215184', '2017-05-21 14:44:12.215228', 38),
(1266, '680', '奥村', '知央', 'オクムラ', 'トモヒサ', 'M', '1', '大阪大', '京都', '005443', 1, 5, 'Entry', 0, '2017-05-21 14:44:12.233106', '2017-05-21 14:44:12.233155', 38),
(1267, '6-943', '山本', '浩右', 'ヤマモト', 'コウスケ', 'M', 'M1', '大阪大', '和歌山', '005470', 1, 3, 'Entry', 0, '2017-05-21 14:44:12.249511', '2017-05-21 14:44:12.249555', 38),
(1268, '6-1119', '小山', '一志', 'コヤマ', 'カズシ', 'M', '3', '神戸大', '兵庫', '005568', 1, 6, 'Entry', 0, '2017-05-21 14:44:12.268357', '2017-05-21 14:44:12.268405', 38),
(1269, '6-718', '平田', '泰行', 'ヒラタ', 'ヤスユキ', 'M', '3', '京都大', '大阪', '005600', 1, 2, 'Entry', 0, '2017-05-21 14:44:12.284426', '2017-05-21 14:44:12.284471', 38),
(1270, '422', '丸地', '正人', 'マルチ', 'マサト', 'M', '2', '名古屋大', '愛知', '005644', 1, 7, 'Entry', 0, '2017-05-21 14:44:12.302123', '2017-05-21 14:44:12.302168', 38),
(1271, '6-704', '五十嵐', '隆皓', 'イガラシ', 'タカアキ', 'M', '3', '京都大', '群馬', '005645', 1, 1, 'Entry', 0, '2017-05-21 14:44:12.319846', '2017-05-21 14:44:12.319891', 38),
(1272, '697', '清水', '大夢', 'シミズ', 'タイム', 'M', '1', '大阪大', '滋賀', '000000', 2, 4, 'Entry', 0, '2017-05-21 14:44:12.337134', '2017-05-21 14:44:12.337179', 38),
(1273, '6-2348', '川﨑', '皓斗', 'カワサキ', 'ヒロト', 'M', '4', '京都大', '京都', '005664', 2, 5, 'Entry', 0, '2017-05-21 14:44:12.354540', '2017-05-21 14:44:12.354586', 38),
(1274, '425', '稲見', '英和', 'イナミ', 'ヒデカズ', 'M', '3', '名古屋大', '愛知', '005669', 2, 3, 'Entry', 0, '2017-05-21 14:44:12.372032', '2017-05-21 14:44:12.372077', 38),
(1275, '6-944', '横山', '路留', 'ヨコヤマ', 'ミチル', 'M', 'M1', '大阪大', '三重', '005684', 2, 6, 'Entry', 0, '2017-05-21 14:44:12.389713', '2017-05-21 14:44:12.389756', 38),
(1276, '601', '生野', '雄大', 'イクノ', 'ユウダイ', 'M', '4', '大阪大', '大阪', '005700', 2, 2, 'Entry', 0, '2017-05-21 14:44:12.406804', '2017-05-21 14:44:12.406849', 38),
(1277, '6-1817', '薗村', '建', 'ソノムラ', 'タケル', 'M', '3', '大阪市立大', '大阪', '005715', 2, 7, 'Entry', 0, '2017-05-21 14:44:12.423579', '2017-05-21 14:44:12.423624', 38),
(1278, '6-738', '西脇', '友哉', 'ニシワキ', 'トモヤ', 'M', '2', '京都大', '京都', '005900', 2, 1, 'Entry', 0, '2017-05-21 14:44:12.441778', '2017-05-21 14:44:12.441822', 38),
(1279, '470', '伊藤', '公太', 'イトウ', 'コウタ', 'M', '2', '名古屋大', '愛知', '164000', -100, 8, 'Entry', 0, '2017-05-21 14:44:12.457587', '2017-05-21 14:44:12.457629', 34),
(1280, '451', '大越', '拓実', 'オオコシ', 'タクミ', 'M', '4', '名古屋大', '愛知', '170000', -100, 12, 'Entry', 0, '2017-05-21 14:44:12.474961', '2017-05-21 14:44:12.475005', 34),
(1281, '6-1824', '川村', '朋亮', 'カワムラ', 'トモアキ', 'M', '3', '大阪市立大', '兵庫', '173000', -100, 15, 'Entry', 0, '2017-05-21 14:44:12.492250', '2017-05-21 14:44:12.492294', 34),
(1282, '4955', '小林', '剛之', 'コバヤシ', 'タカユキ', 'M', 'OB', '満天クラブ', '大阪', '180000', -100, 18, 'Entry', 0, '2017-05-21 14:44:12.509841', '2017-05-21 14:44:12.509885', 34),
(1283, '644', '内田', '瑞貴', 'ウチダ', 'ミズキ', 'M', '2', '大阪大', '兵庫', '154990', 1, 22, 'Entry', 0, '2017-05-21 14:44:12.526513', '2017-05-21 14:44:12.526556', 34),
(1284, '461', '鈴木', '健弘', 'スズキ', 'タケヒロ', 'M', '3', '名古屋大', '愛知', '155000', 1, 14, 'Entry', 0, '2017-05-21 14:44:12.544960', '2017-05-21 14:44:12.545005', 34),
(1285, '480', '松田', '克洋', 'マツダ', 'ヨシヒロ', 'M', '2', '名古屋大', '愛知', '155000', 1, 3, 'Entry', 0, '2017-05-21 14:44:12.561203', '2017-05-21 14:44:12.561244', 34),
(1286, '604', '大野', '一平', 'オオノ', 'イッペイ', 'M', '4', '大阪大', '大阪', '155000', 1, 23, 'Entry', 0, '2017-05-21 14:44:12.577575', '2017-05-21 14:44:12.577616', 34),
(1287, '1446', '孫田', '礼人', 'マゴタ', 'アヤト', 'M', 'OB', '小松島市陸協', '徳島', '155000', 1, 15, 'Entry', 0, '2017-05-21 14:44:12.593073', '2017-05-21 14:44:12.593115', 34),
(1288, '6-1105', '根本', '夏生', 'ネモト', 'ナツオ', 'M', '2', '神戸大', '兵庫', '160000', 1, 6, 'Entry', 0, '2017-05-21 14:44:12.610442', '2017-05-21 14:44:12.610483', 34),
(1289, '463', '竹原', '佑亮', 'タケハラ', 'ユウスケ', 'M', '3', '名古屋大', '愛知', '160000', 1, 10, 'Entry', 0, '2017-05-21 14:44:12.625897', '2017-05-21 14:44:12.625938', 34),
(1290, '654', '工藤', '陽貴', 'クドウ', 'ハルキ', 'M', '2', '大阪大', '大阪', '160000', 1, 4, 'Entry', 0, '2017-05-21 14:44:12.643144', '2017-05-21 14:44:12.643198', 34),
(1291, '6-2274', '山崎', '翔平', 'ヤマサキ', 'ショウヘイ', 'M', '3', '大阪大', '大阪', '160000', 1, 5, 'Entry', 0, '2017-05-21 14:44:12.659929', '2017-05-21 14:44:12.659972', 34),
(1292, '661', '田川', '太一', 'タガワ', 'タイチ', 'M', '2', '大阪大', '大阪', '160000', 1, 11, 'Entry', 0, '2017-05-21 14:44:12.677547', '2017-05-21 14:44:12.677601', 34),
(1293, '6-2276', '平沼', '光象', 'ヒラヌマ', 'コウゾウ', 'M', '3', '大阪大', '大阪', '000000', 2, 22, 'Entry', 0, '2017-05-21 14:44:12.696447', '2017-05-21 14:44:12.696516', 34),
(1294, '449', '國司', '寛人', 'クニシ', 'ヒロト', 'M', 'M2', '名古屋大', '静岡', '141400', 2, 14, 'Entry', 0, '2017-05-21 14:44:12.713532', '2017-05-21 14:44:12.713574', 34),
(1295, '448', '岸田', '裕也', 'キシダ', 'ユウヤ', 'M', 'M1', '名古屋大', '三重', '142482', 2, 3, 'Entry', 0, '2017-05-21 14:44:12.734322', '2017-05-21 14:44:12.734371', 34),
(1296, '649', '樫山', '直生', 'カシヤマ', 'ナオキ', 'M', '2', '大阪大', '和歌山', '152000', 2, 23, 'Entry', 0, '2017-05-21 14:44:12.757856', '2017-05-21 14:44:12.757904', 34),
(1297, '6-949', '塩見', '圭史', 'シオミ', 'ケイシ', 'M', 'M1', '大阪大', '大阪', '152500', 2, 15, 'Entry', 0, '2017-05-21 14:44:12.783346', '2017-05-21 14:44:12.783400', 34),
(1298, '486', '勝田', '哲史', 'カッタ', 'テツフミ', 'M', '1', '名古屋大', '愛知', '153000', 2, 6, 'Entry', 0, '2017-05-21 14:44:12.810558', '2017-05-21 14:44:12.810647', 34),
(1299, '6457', '山口', '雄也', 'ヤマグチ', 'ユウヤ', 'M', 'False', '大阪陸協', '大阪', '153000', 2, 10, 'Entry', 0, '2017-05-21 14:44:12.837783', '2017-05-21 14:44:12.837829', 34);
INSERT INTO `organizer_entry` (`id`, `bib`, `name_family`, `name_first`, `kana_family`, `kana_first`, `sex`, `grade`, `club`, `jaaf_branch`, `personal_best`, `group`, `order_lane`, `entry_status`, `check`, `created`, `modified`, `event_status_id`) VALUES
(1300, '420', '飯田', '康平', 'イイダ', 'コウヘイ', 'M', '3', '名古屋大', '三重', '154000', 2, 24, 'Entry', 0, '2017-05-21 14:44:12.862136', '2017-05-21 14:44:12.862182', 34),
(1301, '460', '柴田', '雄斗', 'シバタ', 'ユウト', 'M', '3', '名古屋大', '愛知', '154000', 2, 4, 'Entry', 0, '2017-05-21 14:44:12.884983', '2017-05-21 14:44:12.885030', 34),
(1302, '475', '齋藤', '幹峻', 'サイトウ', 'ミキトシ', 'M', '2', '名古屋大', '愛知', '154000', 2, 5, 'Entry', 0, '2017-05-21 14:44:12.908760', '2017-05-21 14:44:12.908807', 34),
(1303, '478', '清水', '貴也', 'シミズ', 'タカヤ', 'M', '2', '名古屋大', '静岡', '154000', 2, 11, 'Entry', 0, '2017-05-21 14:44:12.938205', '2017-05-21 14:44:12.938252', 34),
(1304, '452', '千葉', '俊季', 'チバ', 'トシキ', 'M', '4', '名古屋大', '愛知', '154500', 2, 21, 'Entry', 0, '2017-05-21 14:44:12.960598', '2017-05-21 14:44:12.960644', 34),
(1305, '427', '紀藤', '大樹', 'キトウ', 'タイキ', 'M', '2', '名古屋大', '愛知', '154500', 2, 16, 'Entry', 0, '2017-05-21 14:44:12.985030', '2017-05-21 14:44:12.985077', 34),
(1306, '636', '濱政', '光', 'ハマセ', 'ヒカル', 'M', '3', '大阪大', '大阪', '161500', 2, 7, 'Entry', 0, '2017-05-21 14:44:13.010866', '2017-05-21 14:44:13.010915', 34),
(1307, '455', '松井', '佑輔', 'マツイ', 'ユウスケ', 'M', '4', '名古屋大', '奈良', '162000', 2, 20, 'Entry', 0, '2017-05-21 14:44:13.031414', '2017-05-21 14:44:13.031456', 34),
(1308, '458', '森長', '真言', 'モリナガ', 'マコト', 'M', '4', '名古屋大', '愛知', '162000', 2, 8, 'Entry', 0, '2017-05-21 14:44:13.056036', '2017-05-21 14:44:13.056084', 34),
(1309, '459', '浮津', '照也', 'ウキツ', 'テルヤ', 'M', '3', '名古屋大', '愛知', '163000', 2, 18, 'Entry', 0, '2017-05-21 14:44:13.078848', '2017-05-21 14:44:13.078895', 34),
(1310, '6-933', '麻生', '慎太郎', 'アソウ', 'シンタロウ', 'M', 'M2', '大阪大', '大阪', '164000', 2, 12, 'Entry', 0, '2017-05-21 14:44:13.121823', '2017-05-21 14:44:13.121870', 34),
(1311, '631', '新開', '嶺', 'シンカイ', 'レイ', 'M', '3', '大阪大', '大阪', '164000', 2, 9, 'Entry', 0, '2017-05-21 14:44:13.147397', '2017-05-21 14:44:13.147443', 34),
(1312, '473', '近藤', '利哉', 'コンドウ', 'トシヤ', 'M', '2', '名古屋大', '愛知', '165900', 2, 17, 'Entry', 0, '2017-05-21 14:44:13.172523', '2017-05-21 14:44:13.172568', 34),
(1313, '643', '今井', '達也', 'イマイ', 'タツヤ', 'M', '2', '大阪大', '大阪', '170000', 2, 1, 'Entry', 0, '2017-05-21 14:44:13.198735', '2017-05-21 14:44:13.198782', 34),
(1314, '660', '松尾', '義裕', 'マツオ', 'ヨシヒロ', 'M', 'OB', '森野AC', '兵庫', '171766', 2, 2, 'Entry', 0, '2017-05-21 14:44:13.224207', '2017-05-21 14:44:13.224287', 34),
(1315, '672', '森本', '大聖', 'モリモト', 'タイセイ', 'M', '2', '大阪大', '兵庫', '174500', 2, 19, 'Entry', 0, '2017-05-21 14:44:13.252454', '2017-05-21 14:44:13.252499', 34),
(1316, '1190', '田中', '達也', 'タナカ', 'タツヤ', 'M', 'OB', '奈良陸協', '奈良', '180000', 2, 14, 'Entry', 0, '2017-05-21 14:44:13.276681', '2017-05-21 14:44:13.276728', 34),
(1317, '456', '松永', '幸大', 'マツナガ', 'ユキヒロ', 'M', '4', '名古屋大', '愛知', '330000', -100, 7, 'Entry', 0, '2017-05-21 14:44:13.300164', '2017-05-21 14:44:13.300210', 40),
(1318, '1190', '田中', '達也', 'タナカ', 'タツヤ', 'M', 'OB', '奈良陸協', '奈良', '215717', 1, 1, 'Entry', 0, '2017-05-21 14:44:13.323971', '2017-05-21 14:44:13.324019', 40),
(1319, '483', '山田', '剛大', 'ヤマダ', 'タケヒロ', 'M', '2', '名古屋市立大', '愛知', '222270', 1, 2, 'Entry', 0, '2017-05-21 14:44:13.347381', '2017-05-21 14:44:13.347430', 40),
(1320, '162186', '山口', '正洋', 'ヤマグチ', 'マサヒロ', 'M', 'OB', '村田機械', '東京', '224000', 1, 3, 'Entry', 0, '2017-05-21 14:44:13.372387', '2017-05-21 14:44:13.372435', 40),
(1321, '1446', '孫田', '礼人', 'マゴタ', 'アヤト', 'M', 'OB', '小松島市陸協', '徳島', '225442', 1, 4, 'Entry', 0, '2017-05-21 14:44:13.396628', '2017-05-21 14:44:13.396677', 40),
(1322, '6-739', '亀田', '孝太郎', 'カメダ', 'コウタロウ', 'M', '2', '京都大', '大阪', '225580', 1, 5, 'Entry', 0, '2017-05-21 14:44:13.420115', '2017-05-21 14:44:13.420159', 40),
(1323, '4955', '小林', '剛之', 'コバヤシ', 'タカユキ', 'M', 'OB', '満天クラブ', '大阪', '250000', 1, 6, 'Entry', 0, '2017-05-21 14:44:13.442499', '2017-05-21 14:44:13.442546', 40),
(1324, '646', '大沼', '響', 'オオヌマ', 'キョウ', 'M', '2', '大阪大', '大阪', '000000', -100, 6, 'Entry', 0, '2017-05-21 14:44:13.466763', '2017-05-21 14:44:13.466815', 27),
(1325, '6-2193', '福宮', '凪人', 'フクミヤ', 'ナギト', 'M', '1', '大阪市立大', '大阪', '015300', 1, 4, 'Entry', 0, '2017-05-21 14:44:13.491293', '2017-05-21 14:44:13.491341', 27),
(1326, '6-1816', '上田', '啓太', 'ウエダ', 'ケイタ', 'M', '3', '大阪市立大', '大阪', '015300', 1, 5, 'Entry', 0, '2017-05-21 14:44:13.511919', '2017-05-21 14:44:13.511967', 27),
(1327, '6-1812', '苅谷', '匠', 'カリヤ', 'タクミ', 'M', '3', '大阪市立大', '大阪', '015300', 1, 3, 'Entry', 0, '2017-05-21 14:44:13.530218', '2017-05-21 14:44:13.530265', 27),
(1328, '6-931', '疋田', '亘', 'ヒキタ', 'ワタル', 'M', 'M2', '大阪大', '大阪', '015500', 1, 6, 'Entry', 0, '2017-05-21 14:44:13.547229', '2017-05-21 14:44:13.547274', 27),
(1329, '653', '木高', '佳周', 'キダカ', 'ヨシナリ', 'M', '2', '大阪大', '大阪', '015500', 1, 2, 'Entry', 0, '2017-05-21 14:44:13.565364', '2017-05-21 14:44:13.565408', 27),
(1330, '453', '角田', '涼', 'ツノダ', 'リョウ', 'M', '4', '名古屋大', '静岡', '015500', 1, 7, 'Entry', 0, '2017-05-21 14:44:13.581975', '2017-05-21 14:44:13.582022', 27),
(1331, '6-932', '藤', '諒健', 'フジ', 'リョウケン', 'M', 'M2', '大阪大', '徳島', '015500', 1, 1, 'Entry', 0, '2017-05-21 14:44:13.599653', '2017-05-21 14:44:13.599697', 27),
(1332, '605', '鹿嶋', '孔哉', 'カシマ', 'コウヤ', 'M', '4', '大阪大', '大阪', '015500', 1, 8, 'Entry', 0, '2017-05-21 14:44:13.615668', '2017-05-21 14:44:13.615711', 27),
(1333, '655', '小池', '弘顕', 'コイケ', 'ヒロアキ', 'M', '2', '大阪大', '大阪', '015500', 2, 4, 'Entry', 0, '2017-05-21 14:44:13.632863', '2017-05-21 14:44:13.632908', 27),
(1334, '641', '横田', '凱斗', 'ヨコタ', 'カイト', 'M', '3', '大阪大', '兵庫', '015627', 2, 5, 'Entry', 0, '2017-05-21 14:44:13.650750', '2017-05-21 14:44:13.650797', 27),
(1335, '464', '戸叶', '貴也', 'トカノ', 'タカヤ', 'M', '3', '名古屋大', '静岡', '015700', 2, 3, 'Entry', 0, '2017-05-21 14:44:13.667188', '2017-05-21 14:44:13.667234', 27),
(1336, '414', '遠藤', '暢', 'エンドウ', 'トオル', 'M', '4', '名古屋大', '愛知', '015700', 2, 6, 'Entry', 0, '2017-05-21 14:44:13.684592', '2017-05-21 14:44:13.684637', 27),
(1337, '413', '木村', '健太郎', 'キムラ', 'ケンタロウ', 'M', '3', '名古屋大', '愛知', '015781', 2, 2, 'Entry', 0, '2017-05-21 14:44:13.707472', '2017-05-21 14:44:13.707519', 27),
(1338, '6-948', '福田', '裕也', 'フクダ', 'ユウヤ', 'M', 'M1', '大阪大', '岡山', '015797', 2, 7, 'Entry', 0, '2017-05-21 14:44:13.724308', '2017-05-21 14:44:13.724349', 27),
(1339, '6-1092', '山下', '駿平', 'ヤマシタ', 'シュンペイ', 'M', '3', '神戸大', '兵庫', '015800', 2, 1, 'Entry', 0, '2017-05-21 14:44:13.739814', '2017-05-21 14:44:13.739856', 27),
(1340, '466', '中野', '圭', 'ナカノ', 'ケイ', 'M', '3', '名古屋大', '群馬', '015800', 2, 8, 'Entry', 0, '2017-05-21 14:44:13.756057', '2017-05-21 14:44:13.756099', 27),
(1341, '481', '茂田', '孝弘', 'モダ', 'タカヒロ', 'M', '2', '名古屋大', '愛知', '015800', 3, 4, 'Entry', 0, '2017-05-21 14:44:13.773247', '2017-05-21 14:44:13.773289', 27),
(1342, '616', '相澤', '遼', 'アイザワ', 'リョウ', 'M', '3', '大阪大', '大阪', '015893', 3, 5, 'Entry', 0, '2017-05-21 14:44:13.789767', '2017-05-21 14:44:13.789811', 27),
(1343, '495', '藤原', '昌平', 'フジワラ', 'ショウヘイ', 'M', 'M1', '名古屋大', '愛知', '015900', 3, 3, 'Entry', 0, '2017-05-21 14:44:13.807560', '2017-05-21 14:44:13.807606', 27),
(1344, '416', '岩井', '宏樹', 'イワイ', 'ヒロキ', 'M', '3', '名古屋大', '愛知', '015900', 3, 6, 'Entry', 0, '2017-05-21 14:44:13.823693', '2017-05-21 14:44:13.823835', 27),
(1345, '454', '降籏', '賢人', 'フルハタ', 'ケント', 'M', '4', '名古屋大', '長野', '015950', 3, 2, 'Entry', 0, '2017-05-21 14:44:13.841522', '2017-05-21 14:44:13.841566', 27),
(1346, '492', '中村', '光志', 'ナカムラ', 'コウシ', 'M', '1', '名古屋大', '愛知', '020000', 3, 7, 'Entry', 0, '2017-05-21 14:44:13.858883', '2017-05-21 14:44:13.858960', 27),
(1347, '474', '齋藤', '俊介', 'サイトウ', 'シュンスケ', 'M', '2', '名古屋大', '愛知', '020000', 3, 1, 'Entry', 0, '2017-05-21 14:44:13.875729', '2017-05-21 14:44:13.875773', 27),
(1348, '6-1097', '木村', '俊司', 'キムラ', 'シュンジ', 'M', '2', '神戸大', '滋賀', '020000', 4, 4, 'Entry', 0, '2017-05-21 14:44:13.892209', '2017-05-21 14:44:13.892253', 27),
(1349, '490', '小林', '篤生', 'コバヤシ', 'アツキ', 'M', '1', '名古屋大', '愛知', '020000', 4, 5, 'Entry', 0, '2017-05-21 14:44:13.909617', '2017-05-21 14:44:13.909662', 27),
(1350, '691', '濵田', '尚也', 'ハマダ', 'ナオヤ', 'M', '1', '大阪大', '大阪', '020244', 4, 3, 'Entry', 0, '2017-05-21 14:44:13.926753', '2017-05-21 14:44:13.926797', 27),
(1351, '609', '田村', '宏樹', 'タムラ', 'ヒロキ', 'M', '4', '大阪大', '三重', '020334', 4, 6, 'Entry', 0, '2017-05-21 14:44:13.942831', '2017-05-21 14:44:13.942874', 27),
(1352, '633', '中谷', '公貴', 'ナカタニ', 'コウキ', 'M', '3', '大阪大', '大阪', '020400', 4, 2, 'Entry', 0, '2017-05-21 14:44:13.959841', '2017-05-21 14:44:13.959880', 27),
(1353, '690', '西羅', '瑛太', 'ニシラ', 'エイタ', 'M', '1', '大阪大', '大阪', '020457', 4, 7, 'Entry', 0, '2017-05-21 14:44:13.976897', '2017-05-21 14:44:13.976941', 27),
(1354, '6-2190', '上田', '大輝', 'ウエダ', 'ダイキ', 'M', '1', '大阪市立大', '大阪', '020500', 5, 4, 'Entry', 0, '2017-05-21 14:44:13.993586', '2017-05-21 14:44:13.993626', 27),
(1355, '684', '石原', '勇輝', 'イシハラ', 'ユウキ', 'M', '1', '大阪大', '三重', '000000', 5, 5, 'Entry', 0, '2017-05-21 14:44:14.011669', '2017-05-21 14:44:14.011712', 27),
(1356, '489', '小嶋', '康暉', 'コジマ', 'ヤスアキ', 'M', '1', '名古屋市立大', '愛知', '000000', 5, 3, 'Entry', 0, '2017-05-21 14:44:14.028295', '2017-05-21 14:44:14.028335', 27),
(1357, '494', '町田', '弦', 'マチダ', 'ゲン', 'M', '1', '名古屋大', '三重', '000000', 5, 6, 'Entry', 0, '2017-05-21 14:44:14.045335', '2017-05-21 14:44:14.045378', 27),
(1358, '468', '萩原', '諒', 'ハギワラ', 'リョウ', 'M', '3', '名古屋大', '群馬', '020700', 5, 2, 'Entry', 0, '2017-05-21 14:44:14.062794', '2017-05-21 14:44:14.062839', 27),
(1359, '651', '加藤', '広太', 'カトウ', 'コウタ', 'M', '2', '大阪大', '山形', '020800', 5, 7, 'Entry', 0, '2017-05-21 14:44:14.080379', '2017-05-21 14:44:14.080422', 27),
(1360, '6-751', '三谷', '圭', 'ミタニ', 'ケイ', 'M', '2', '京都大', '長崎', '002440', 1, 1, 'Entry', 0, '2017-05-21 14:44:30.322427', '2017-05-21 14:44:30.322475', 54),
(1361, '6-727', '大橋', '悟', 'オオハシ', 'サトル', 'M', '2', '京都大', '京都', '003000', 1, 3, 'Entry', 0, '2017-05-21 14:44:30.347910', '2017-05-21 14:44:30.347953', 54),
(1362, '6-693', '浅野', '智司', 'アサノ', 'サトシ', 'M', '4', '京都大', '滋賀', '004313', 1, 4, 'Entry', 0, '2017-05-21 14:44:30.366387', '2017-05-21 14:44:30.366429', 54),
(1363, '6-658', '若園', '直樹', 'ワカゾノ', 'ナオキ', 'M', 'M1', '京都大', '愛知', '004878', 1, 5, 'Entry', 0, '2017-05-21 14:44:30.385320', '2017-05-21 14:44:30.385364', 54),
(1364, '6-679', '澤', '薫', 'サワ', 'カオル', 'M', '4', '京都大', '滋賀', '004303', 1, 1, 'Entry', 0, '2017-05-21 14:44:30.404315', '2017-05-21 14:44:30.404357', 56),
(1365, '6-755', '小野', '貴裕', 'オノ', 'タカヒロ', 'M', '2', '京都大', '京都', '002000', 1, 1, 'Entry', 0, '2017-05-21 14:44:30.422144', '2017-05-21 14:44:30.422189', 52),
(1366, '6-747', '松井', 'そら', 'マツイ', 'ソラ', 'M', '2', '京都大', '京都', '002391', 1, 2, 'Entry', 0, '2017-05-21 14:44:30.440940', '2017-05-21 14:44:30.440990', 52),
(1367, '6-2518', '高畑', '大地', 'タカハタ', 'ダイチ', 'M', '1', '神戸大', '兵庫', '002500', 1, 3, 'Entry', 0, '2017-05-21 14:44:30.460320', '2017-05-21 14:44:30.460366', 52),
(1368, '6-679', '澤', '薫', 'サワ', 'カオル', 'M', '4', '京都大', '滋賀', '002779', 1, 4, 'Entry', 0, '2017-05-21 14:44:30.478425', '2017-05-21 14:44:30.478473', 52),
(1369, '6-745', '平島', '敬也', 'ヒラシマ', 'ケイヤ', 'M', '2', '京都大', '福岡', '002888', 1, 5, 'Entry', 0, '2017-05-21 14:44:30.497461', '2017-05-21 14:44:30.497511', 52),
(1370, '6-694', '金子', '渓人', 'カネコ', 'ケイト', 'M', '4', '京都大', '愛知', '002949', 1, 6, 'Entry', 0, '2017-05-21 14:44:30.515393', '2017-05-21 14:44:30.515440', 52),
(1371, '4003', '松尾', '頼憲', 'マツオ', 'ヨシノリ', 'M', 'OB', '伊勢RC', '三重', '003233', -100, 7, 'Entry', 0, '2017-05-21 14:44:30.534159', '2017-05-21 14:44:30.534204', 52),
(1372, '6-727', '大橋', '悟', 'オオハシ', 'サトル', 'M', '2', '京都大', '京都', '003730', 1, 7, 'Entry', 0, '2017-05-21 14:44:30.552420', '2017-05-21 14:44:30.552465', 52),
(1373, '6-2386', '廣嶋', '伸哉', 'ヒロシマ', 'シンヤ', 'M', '1', '大阪市立大', '大阪', '001240', 1, 1, 'Entry', 0, '2017-05-21 14:44:30.570516', '2017-05-21 14:44:30.570566', 48),
(1374, '6-926', '酒井', '政宏', 'サカイ', 'マサヒロ', 'M', 'D2', '大阪大', '大阪', '001300', 1, 2, 'Entry', 0, '2017-05-21 14:44:30.592335', '2017-05-21 14:44:30.592391', 48),
(1375, '640', '藤本', '一帆', 'フジモト', 'カズホ', 'M', '3', '大阪大', '兵庫', '001314', 1, 3, 'Entry', 0, '2017-05-21 14:44:30.610427', '2017-05-21 14:44:30.610470', 48),
(1376, '439', '五十嵐', '早登', 'イガラシ', 'ハヤト', 'M', '2', '名古屋大', '福井', '001342', 1, 4, 'Entry', 0, '2017-05-21 14:44:30.627787', '2017-05-21 14:44:30.627847', 48),
(1377, '6-938', '門脇', '駿', 'カドワキ', 'タカシ', 'M', 'M2', '大阪大', '大阪', '001350', 1, 5, 'Entry', 0, '2017-05-21 14:44:30.646099', '2017-05-21 14:44:30.646188', 48),
(1378, '437', '浜島', '裕亮', 'ハマジマ', 'ユウスケ', 'M', '3', '名古屋大', '愛知', '001408', -100, 6, 'Entry', 0, '2017-05-21 14:44:30.665074', '2017-05-21 14:44:30.665186', 48),
(1379, '6-725', '伊東', '悠希', 'イトウ', 'ハルキ', 'M', '3', '京都大', '東京', '001429', -100, 7, 'Entry', 0, '2017-05-21 14:44:30.684281', '2017-05-21 14:44:30.684323', 48),
(1380, '6-2194', '源', '識之相', 'ミナモト', 'シンノスケ', 'M', '1', '大阪市立大', '大阪', '001458', 1, 6, 'Entry', 0, '2017-05-21 14:44:30.701458', '2017-05-21 14:44:30.701500', 48),
(1381, '6-1098', '小西', '満', 'コニシ', 'ミツル', 'M', '2', '神戸大', '兵庫', '000180', 1, 1, 'Entry', 0, '2017-05-21 14:44:30.719700', '2017-05-21 14:44:30.719776', 42),
(1382, '601', '生野', '雄大', 'イクノ', 'ユウダイ', 'M', '4', '大阪大', '大阪', '000180', 1, 2, 'Entry', 0, '2017-05-21 14:44:30.744518', '2017-05-21 14:44:30.744670', 42),
(1383, '688', '齋藤', '宣樹', 'サイトウ', 'ノブキ', 'M', '1', '大阪大', '大阪', '000000', 1, 1, 'Entry', 0, '2017-05-21 14:44:30.769601', '2017-05-21 14:44:30.769654', 46),
(1384, '6-1098', '小西', '満', 'コニシ', 'ミツル', 'M', '2', '神戸大', '兵庫', '000550', 1, 2, 'Entry', 0, '2017-05-21 14:44:30.788582', '2017-05-21 14:44:30.788622', 46),
(1385, '6-693', '浅野', '智司', 'アサノ', 'サトシ', 'M', '4', '京都大', '滋賀', '000572', 1, 3, 'Entry', 0, '2017-05-21 14:44:30.804681', '2017-05-21 14:44:30.804721', 46),
(1386, '6-1117', '長友', '敬晃', 'ナガトモ', 'タカアキ', 'M', '2', '神戸大', '宮崎', '000580', 1, 4, 'Entry', 0, '2017-05-21 14:44:30.822397', '2017-05-21 14:44:30.822439', 46),
(1387, '433', '伊藤', '駿一郎', 'イトウ', 'シュンイチロウ', 'M', '2', '名古屋大', '愛知', '000586', 1, 5, 'Entry', 0, '2017-05-21 14:44:30.838144', '2017-05-21 14:44:30.838185', 46),
(1388, '6-942', '藤原', '宇央', 'フジワラ', 'ネオ', 'M', 'M1', '大阪大', '大阪', '000600', 1, 6, 'Entry', 0, '2017-05-21 14:44:30.855314', '2017-05-21 14:44:30.855362', 46),
(1389, '4003', '松尾', '頼憲', 'マツオ', 'ヨシノリ', 'M', 'OB', '伊勢RC', '三重', '000610', -100, 7, 'Entry', 0, '2017-05-21 14:44:30.871756', '2017-05-21 14:44:30.871798', 46),
(1390, '6-2390', '吉武', '拓真', 'ヨシタケ', 'タクマ', 'M', '1', '大阪市立大', '大阪', '000621', 1, 7, 'Entry', 0, '2017-05-21 14:44:30.889249', '2017-05-21 14:44:30.889292', 46),
(1391, '6-745', '平島', '敬也', 'ヒラシマ', 'ケイヤ', 'M', '2', '京都大', '福岡', '000625', 1, 8, 'Entry', 0, '2017-05-21 14:44:30.914128', '2017-05-21 14:44:30.914179', 46),
(1392, '6-1052', '山下', '雄大', 'ヤマシタ', 'タカヒロ', 'M', 'M2', '神戸大', '京都', '000630', 1, 9, 'Entry', 0, '2017-05-21 14:44:30.933654', '2017-05-21 14:44:30.933703', 46),
(1393, '6-747', '松井', 'そら', 'マツイ', 'ソラ', 'M', '2', '京都大', '京都', '000635', 1, 10, 'Entry', 0, '2017-05-21 14:44:30.950688', '2017-05-21 14:44:30.950759', 46),
(1394, '652', '川根', '聖矢', 'カワネ', 'セイヤ', 'M', '2', '大阪大', '京都', '000635', 1, 11, 'Entry', 0, '2017-05-21 14:44:30.969209', '2017-05-21 14:44:30.969254', 46),
(1395, '6-1090', '西村', '拓海', 'ニシムラ', 'タクミ', 'M', '3', '神戸大', '兵庫', '000639', 1, 12, 'Entry', 0, '2017-05-21 14:44:30.985963', '2017-05-21 14:44:30.986003', 46),
(1396, '488', '清原', '和真', 'キヨハラ', 'カズマ', 'M', '1', '名古屋大', '愛知', '000640', 1, 13, 'Entry', 0, '2017-05-21 14:44:31.004310', '2017-05-21 14:44:31.004484', 46),
(1397, '6-733', '南井', '航太', 'ミナミイ', 'コウタ', 'M', '2', '京都大', '大阪', '000641', 2, 1, 'Entry', 0, '2017-05-21 14:44:31.029797', '2017-05-21 14:44:31.029841', 46),
(1398, '6-1826', '大村', '隆人', 'オオムラ', 'リュウト', 'M', '2', '大阪市立大', '三重', '000650', 2, 2, 'Entry', 0, '2017-05-21 14:44:31.047578', '2017-05-21 14:44:31.047623', 46),
(1399, '6-1118', '木原', '日向', 'キハラ', 'ヒナタ', 'M', '3', '神戸大', '大阪', '000650', 2, 3, 'Entry', 0, '2017-05-21 14:44:31.065086', '2017-05-21 14:44:31.065132', 46),
(1400, '687', '井内', '光', 'イウチ', 'カル', 'M', '1', '大阪大', '大阪', '000650', 2, 4, 'Entry', 0, '2017-05-21 14:44:31.082523', '2017-05-21 14:44:31.082568', 46),
(1401, '3067', '西田', '拓展', 'ニシダ', 'タクノブ', 'M', 'OB', '兵庫陸協', '兵庫', '000650', 2, 5, 'Entry', 0, '2017-05-21 14:44:31.099502', '2017-05-21 14:44:31.099548', 46),
(1402, '6-2273', '棚原', '大介', 'タナハラ', 'ダイスケ', 'M', '1', '大阪大', '大阪', '000658', 2, 6, 'Entry', 0, '2017-05-21 14:44:31.116768', '2017-05-21 14:44:31.116813', 46),
(1403, '6-1096', '神田', '実', 'カンダ', 'ミノリ', 'M', '2', '神戸大', '兵庫', '000665', -100, 6, 'Entry', 0, '2017-05-21 14:44:31.134009', '2017-05-21 14:44:31.134053', 46),
(1404, '6-755', '小野', '貴裕', 'オノ', 'タカヒロ', 'M', '2', '京都大', '京都', '000671', 2, 7, 'Entry', 0, '2017-05-21 14:44:31.151833', '2017-05-21 14:44:31.151878', 46),
(1405, '6-2383', '安達', '智則', 'アダチ', 'トモノリ', 'M', '1', '大阪市立大', '大阪', '000677', 2, 8, 'Entry', 0, '2017-05-21 14:44:31.168229', '2017-05-21 14:44:31.168272', 46),
(1406, '6-734', '本居', '和弘', 'モトオリ', 'カズヒロ', 'M', '2', '京都大', '大阪', '000691', -100, 9, 'Entry', 0, '2017-05-21 14:44:31.185686', '2017-05-21 14:44:31.185731', 46),
(1407, '436', '山之内', '丈', 'ヤマノウチ', 'ジョウ', 'M', '4', '名古屋大', '広島', '000710', 2, 9, 'Entry', 0, '2017-05-21 14:44:31.203703', '2017-05-21 14:44:31.203746', 46),
(1408, '6-2218', '松下', '隼人', 'マツシタ', 'ハヤト', 'M', 'M1', '京都大', '大阪', '000718', 2, 10, 'Entry', 0, '2017-05-21 14:44:31.221483', '2017-05-21 14:44:31.221550', 46),
(1409, '6-1799', '村上', '隆一郎', 'ムラカミ', 'リュウイチロウ', 'M', '4', '大阪市立大', '大阪', '000727', 2, 11, 'Entry', 0, '2017-05-21 14:44:31.239766', '2017-05-21 14:44:31.239810', 46),
(1410, '6-1057', '永田', '遼', 'ナガタ', 'リョウ', 'M', 'M1', '神戸大', '島根', '000744', 2, 12, 'Entry', 0, '2017-05-21 14:44:31.256969', '2017-05-21 14:44:31.257013', 46),
(1411, '6-727', '大橋', '悟', 'オオハシ', 'サトル', 'M', '2', '京都大', '京都', '001000', 1, 1, 'Entry', 0, '2017-05-21 14:44:31.274993', '2017-05-21 14:44:31.275039', 49),
(1412, '608', '田中', '陽久', 'タナカ', 'アキヒサ', 'M', '4', '大阪大', '大阪', '001043', 1, 2, 'Entry', 0, '2017-05-21 14:44:31.292981', '2017-05-21 14:44:31.293033', 49),
(1413, '6-1090', '西村', '拓海', 'ニシムラ', 'タクミ', 'M', '3', '神戸大', '兵庫', '001110', 1, 3, 'Entry', 0, '2017-05-21 14:44:31.311594', '2017-05-21 14:44:31.311640', 49),
(1414, '6-679', '澤', '薫', 'サワ', 'カオル', 'M', '4', '京都大', '滋賀', '000879', 1, 4, 'Entry', 0, '2017-05-21 14:44:31.328804', '2017-05-21 14:44:31.328851', 49),
(1415, '6-694', '金子', '渓人', 'カネコ', 'ケイト', 'M', '4', '京都大', '愛知', '000993', 1, 5, 'Entry', 0, '2017-05-21 14:44:31.346312', '2017-05-21 14:44:31.346358', 49),
(1416, '6-1103', '金澤', '佳緯', 'カナザワ', 'カイ', 'M', '2', '神戸大', '兵庫', '000300', 1, 1, 'Entry', 0, '2017-05-21 14:44:31.364216', '2017-05-21 14:44:31.364260', 44),
(1417, '4956', '細田', '真広', 'ホソダ', 'マサヒロ', 'M', 'OB', '満天クラブ', '大阪', '000420', 1, 2, 'Entry', 0, '2017-05-21 14:44:31.381087', '2017-05-21 14:44:31.381132', 44),
(1418, '2703', '高橋', '遼', 'タカハシ', 'リョウ', 'M', 'OB', '桃陰クラブ', '大阪', '000470', 1, 3, 'Entry', 0, '2017-05-21 14:44:31.398618', '2017-05-21 14:44:31.398661', 44),
(1419, '613', '山本', '理紗', 'ヤマモト', 'リサ', 'W', '2', '大阪大', '大阪', '001380', -123, 1, 'Entry', 0, '2017-05-21 14:45:03.207018', '2017-05-21 14:45:03.207219', 15),
(1420, '403', '磯貝', '萌々子', 'イソガイ', 'モモコ', 'W', '2', '名古屋大', '愛知', '001406', -123, 2, 'Entry', 0, '2017-05-21 14:45:03.230864', '2017-05-21 14:45:03.230910', 15),
(1421, '402', '吉田', '有美香', 'ヨシダ', 'ユミカ', 'W', '2', '名古屋大', '愛知', '010500', -123, 1, 'Entry', 0, '2017-05-21 14:45:03.254528', '2017-05-21 14:45:03.254569', 24),
(1422, '609', '角谷', '歩惟', 'スミヤ', 'アイ', 'W', '2', '大阪大', '大阪', '023500', -123, 1, 'Entry', 0, '2017-05-21 14:45:03.271406', '2017-05-21 14:45:03.271446', 28),
(1423, '406', '田中', '里歩', 'タナカ', 'リホ', 'W', '3', '名古屋大', '三重', '022306', -123, 2, 'Entry', 0, '2017-05-21 14:45:03.289526', '2017-05-21 14:45:03.289576', 28),
(1424, '615', '福田', '早紀', 'フクダ', 'サキ', 'W', '1', '大阪大', '大阪', '000000', -123, 1, 'Entry', 0, '2017-05-21 14:45:03.307627', '2017-05-21 14:45:03.307675', 59),
(1425, '612', '山崎', '真奈', 'ヤマサキ', 'マナ', 'W', '2', '大阪大', '大阪', '000000', -123, 1, 'Entry', 0, '2017-05-21 14:45:03.327172', '2017-05-21 14:45:03.327244', 61),
(1426, '401', '岡', '愛美', 'オカ', 'ナルミ', 'W', '4', '名古屋大', '愛知', '000447', -123, 2, 'Entry', 0, '2017-05-21 14:45:03.346281', '2017-05-21 14:45:03.346327', 61),
(1427, '403', '磯貝', '萌々子', 'イソガイ', 'モモコ', 'W', '2', '名古屋大', '愛知', '000831', -123, 1, 'Entry', 0, '2017-05-21 14:45:03.363605', '2017-05-21 14:45:03.363654', 63),
(1428, '612', '山崎', '真奈', 'ヤマサキ', 'マナ', 'W', '2', '大阪大', '大阪', '001322', 1, 4, 'Entry', 0, '2017-05-21 14:45:03.393747', '2017-05-21 14:45:03.393795', 15),
(1429, '401', '岡', '愛美', 'オカ', 'ナルミ', 'W', '4', '名古屋大', '愛知', '001281', 1, 5, 'Entry', 0, '2017-05-21 14:45:03.413928', '2017-05-21 14:45:03.413973', 15),
(1430, '614', '野尻', '真由', 'ノジリ', 'マユ', 'W', '1', '大阪大', '大阪', '001257', 1, 6, 'Entry', 0, '2017-05-21 14:45:03.431232', '2017-05-21 14:45:03.431278', 15),
(1431, '402', '吉田', '有美香', 'ヨシダ', 'ユミカ', 'W', '2', '名古屋大', '愛知', '001327', 1, 7, 'Entry', 0, '2017-05-21 14:45:03.449323', '2017-05-21 14:45:03.449369', 15),
(1432, '607', '西村', '美生', 'ニシムラ', 'ミオ', 'W', '3', '大阪大', '兵庫', '010571', 1, 4, 'Entry', 0, '2017-05-21 14:45:03.483970', '2017-05-21 14:45:03.484009', 24),
(1433, '405', '長谷川', '詩歩', 'ハセガワ', 'シホ', 'W', '2', '名古屋大', '愛知', '010116', 1, 5, 'Entry', 0, '2017-05-21 14:45:03.500772', '2017-05-21 14:45:03.500811', 24),
(1434, '614', '野尻', '真由', 'ノジリ', 'マユ', 'W', '1', '大阪大', '大阪', '010000', 1, 6, 'Entry', 0, '2017-05-21 14:45:03.520531', '2017-05-21 14:45:03.520575', 24),
(1435, '404', '成田', '明日香', 'ナリタ', 'アスカ', 'W', '4', '名古屋大', '三重', '010435', 1, 7, 'Entry', 0, '2017-05-21 14:45:03.542491', '2017-05-21 14:45:03.542560', 24),
(1436, '606', '鈴木', '亜未子', 'スズキ', 'アミコ', 'W', '3', '大阪大', '大阪', '023500', 1, 4, 'Entry', 0, '2017-05-21 14:45:03.562753', '2017-05-21 14:45:03.562851', 28),
(1437, '405', '長谷川', '詩歩', 'ハセガワ', 'シホ', 'W', '2', '名古屋大', '愛知', '022395', 1, 5, 'Entry', 0, '2017-05-21 14:45:03.580963', '2017-05-21 14:45:03.581184', 28),
(1438, '603', '向井', '秋穂', 'ムカイ', 'アキホ', 'W', '4', '大阪大', '大阪', '024000', 1, 6, 'Entry', 0, '2017-05-21 14:45:03.600777', '2017-05-21 14:45:03.600819', 28),
(1439, '404', '成田', '明日香', 'ナリタ', 'アスカ', 'W', '4', '名古屋大', '三重', '023200', 1, 7, 'Entry', 0, '2017-05-21 14:45:03.628609', '2017-05-21 14:45:03.628677', 28),
(1440, '612', '山崎', '真奈', 'ヤマサキ', 'マナ', 'W', '2', '大阪大', '大阪', '000150', 1, 1, 'Entry', 0, '2017-05-21 14:45:03.651690', '2017-05-21 14:45:03.651731', 59),
(1441, '401', '岡', '愛美', 'オカ', 'ナルミ', 'W', '4', '名古屋大', '愛知', '000000', 1, 2, 'Entry', 0, '2017-05-21 14:45:03.668282', '2017-05-21 14:45:03.668323', 59),
(1442, '605', '坂口', '美佳', 'サカグチ', 'ミカ', 'W', '3', '大阪大', '大阪', '000140', 1, 3, 'Entry', 0, '2017-05-21 14:45:03.685232', '2017-05-21 14:45:03.685380', 59),
(1443, '409', '大西', '美佐歩', 'オオニシ', 'ミサホ', 'W', '4', '名古屋大', '愛知', '000145', 1, 4, 'Entry', 0, '2017-05-21 14:45:03.705406', '2017-05-21 14:45:03.705447', 59),
(1444, '608', '山口', '綾香', 'ヤマグチ', 'アヤカ', 'W', '3', '大阪大', '大阪', '000477', 1, 1, 'Entry', 0, '2017-05-21 14:45:03.722387', '2017-05-21 14:45:03.722430', 61),
(1445, '403', '磯貝', '萌々子', 'イソガイ', 'モモコ', 'W', '2', '名古屋大', '愛知', '000000', 1, 2, 'Entry', 0, '2017-05-21 14:45:03.741650', '2017-05-21 14:45:03.741738', 61),
(1446, '601', '今川', '尚子', 'イマガワ', 'ナオコ', 'W', '4', '大阪大', '兵庫', '000560', 1, 3, 'Entry', 0, '2017-05-21 14:45:03.763491', '2017-05-21 14:45:03.763538', 61),
(1447, '402', '吉田', '有美香', 'ヨシダ', 'ユミカ', 'W', '2', '名古屋大', '愛知', '000475', 1, 4, 'Entry', 0, '2017-05-21 14:45:03.781716', '2017-05-21 14:45:03.781759', 61),
(1448, '610', '坪野', '夏帆', 'ツボノ', 'ナツホ', 'W', '2', '大阪大', '大阪', '000000', 1, 1, 'Entry', 0, '2017-05-21 14:45:03.800309', '2017-05-21 14:45:03.800350', 63),
(1449, '411', '河内', '慶子', 'カワチ', 'ケイコ', 'W', '4', '名古屋大', '愛知', '000933', 1, 2, 'Entry', 0, '2017-05-21 14:45:03.817660', '2017-05-21 14:45:03.817700', 63),
(1450, '604', '神代', '結', 'クマシロ', 'ユウ', 'W', '3', '大阪大', '大阪', '000923', 1, 3, 'Entry', 0, '2017-05-21 14:45:03.835985', '2017-05-21 14:45:03.836029', 63),
(1451, '409', '大西', '美佐歩', 'オオニシ', 'ミサホ', 'W', '4', '名古屋大', '愛知', '001082', 1, 4, 'Entry', 0, '2017-05-21 14:45:03.854054', '2017-05-21 14:45:03.854096', 63),
(1454, '606', '鈴木', '亜未子', 'スズキ', 'アミコ', 'W', '3', '大阪大', '大阪', '111000', -123, 1, 'Entry', 0, '2017-05-21 14:46:33.054769', '2017-05-21 14:46:33.054810', 68),
(1455, '408', '丹羽', '遥香', 'ニワ', 'ハルカ', 'W', '2', '名古屋大', '三重', '000000', -123, 2, 'Entry', 0, '2017-05-21 14:46:33.073426', '2017-05-21 14:46:33.073469', 68),
(1467, '611', '三池', '瑠衣', 'ミイケ', 'ルイ', 'W', '2', '大阪大', '大阪', '101900', 1, 1, 'Entry', 0, '2017-05-21 14:46:33.303600', '2017-05-21 14:46:33.303647', 68),
(1468, '406', '田中', '里歩', 'タナカ', 'リホ', 'W', '3', '名古屋大', '三重', '101802', 1, 2, 'Entry', 0, '2017-05-21 14:46:33.323871', '2017-05-21 14:46:33.323914', 68),
(1469, '609', '角谷', '歩惟', 'スミヤ', 'アイ', 'W', '2', '大阪大', '大阪', '112600', 1, 3, 'Entry', 0, '2017-05-21 14:46:33.341391', '2017-05-21 14:46:33.341432', 68),
(1470, '407', '山田', 'みのり', 'ヤマダ', 'ミノリ', 'W', '4', '名古屋大', '愛知', '105461', 1, 4, 'Entry', 0, '2017-05-21 14:46:33.357638', '2017-05-21 14:46:33.357683', 68),
(1491, '618', '落合', '玲名', 'オチアイ', 'レイナ', 'W', '1', '大阪大', '神奈川県', '000000', 3, 6, 'Entry', 0, '2017-05-21 14:46:50.607501', '2017-05-21 14:46:50.607546', 16),
(1492, '616', '遠山', '知里', 'トオヤマ', 'チサト', 'W', '1', '大阪大', '滋賀県', '000000', 3, 2, 'Entry', 0, '2017-05-21 14:46:50.627432', '2017-05-21 14:46:50.627472', 16),
(1493, '6-846', '小田原', 'かれん', 'オダハラ', 'カレン', 'W', '2', '大阪市立大', '大阪', '001276', 1, 4, 'Entry', 0, '2017-05-21 14:46:50.644084', '2017-05-21 14:46:50.644126', 16),
(1494, '414', '高野', '文菜', 'タカノ', 'フミナ', 'W', '4', '愛知淑徳大', '愛知', '001280', -100, 5, 'Entry', 0, '2017-05-21 14:46:50.661062', '2017-05-21 14:46:50.661103', 16),
(1495, '412', '河辺', '真知子', 'カワベ', 'マチコ', 'W', '4', '椙山女学園大', '愛知', '001299', 1, 5, 'Entry', 0, '2017-05-21 14:46:50.676774', '2017-05-21 14:46:50.676816', 16),
(1496, '6-844', '小田', '弥生', 'オダ', 'ヤヨイ', 'W', '3', '大阪市立大', '大阪', '001300', 1, 3, 'Entry', 0, '2017-05-21 14:46:50.693688', '2017-05-21 14:46:50.693730', 16),
(1497, '6-410', '宮嵜', '仁美', 'ミヤザキ', 'ヒトミ', 'W', '4', '神戸大', '大阪', '001300', 1, 6, 'Entry', 0, '2017-05-21 14:46:50.710251', '2017-05-21 14:46:50.710301', 16),
(1498, '417', '山崎', '恵里佳', 'ヤマサキ', 'エリカ', 'W', '4', '金城学院大', '愛知', '001300', 1, 2, 'Entry', 0, '2017-05-21 14:46:50.727985', '2017-05-21 14:46:50.728028', 16),
(1499, '601', '今川', '尚子', 'イマガワ', 'ナオコ', 'W', '4', '大阪大', '兵庫県', '001323', 1, 7, 'Entry', 0, '2017-05-21 14:46:50.745965', '2017-05-21 14:46:50.746013', 16),
(1500, '413', '熊谷', 'エミリ', 'クマガイ', 'エミリ', 'W', '4', '名古屋市立大', '愛知', '001326', 2, 4, 'Entry', 0, '2017-05-21 14:46:50.763225', '2017-05-21 14:46:50.763272', 16),
(1501, '418', '稲葉', '水保', 'イナバ', 'ミホ', 'W', '3', '椙山女学園大', '愛知', '001340', 2, 5, 'Entry', 0, '2017-05-21 14:46:50.780832', '2017-05-21 14:46:50.780878', 16),
(1502, '421', '宮崎', '玲菜', 'ミヤザキ', 'レイナ', 'W', '3', '椙山女学園大', '愛知', '001340', 2, 3, 'Entry', 0, '2017-05-21 14:46:50.798240', '2017-05-21 14:46:50.798290', 16),
(1503, '420', '水野', '萌果', 'ミズノ', 'モカ', 'W', '3', '椙山女学園大', '愛知', '001350', 2, 6, 'Entry', 0, '2017-05-21 14:46:50.816011', '2017-05-21 14:46:50.816054', 16),
(1504, '608', '山口', '綾香', 'ヤマグチ', 'アヤカ', 'W', '3', '大阪大', '大阪', '001362', 2, 2, 'Entry', 0, '2017-05-21 14:46:50.832254', '2017-05-21 14:46:50.832297', 16),
(1505, '424', '澤田', '萌乃', 'サワダ', 'モエノ', 'W', '2', '愛知淑徳大', '愛知', '001368', 2, 7, 'Entry', 0, '2017-05-21 14:46:50.850539', '2017-05-21 14:46:50.850582', 16),
(1506, '607', '西村', '美生', 'ニシムラ', 'ミオ', 'W', '3', '大阪大', '兵庫県', '001389', 2, 1, 'Entry', 0, '2017-05-21 14:46:50.867295', '2017-05-21 14:46:50.867340', 16),
(1507, '6-843', '秋山', '美彩', 'アキヤマ', 'ミサ', 'W', '3', '大阪市立大', '大阪', '001400', -100, 4, 'Entry', 0, '2017-05-21 14:46:50.884858', '2017-05-21 14:46:50.884902', 16),
(1508, '613', '山本', '理紗', 'ヤマモト', 'リサ', 'W', '2', '大阪大', '大阪', '001400', 3, 4, 'Entry', 0, '2017-05-21 14:46:50.901882', '2017-05-21 14:46:50.901924', 16),
(1509, '6-193', '宮崎', '伶菜', 'ミヤザキ', 'レイナ', 'W', 'M2', '京都大', '三重', '001402', 3, 5, 'Entry', 0, '2017-05-21 14:46:50.918891', '2017-05-21 14:46:50.918936', 16),
(1510, '403', '磯貝', '萌々子', 'イソガイ', 'モモコ', 'W', '2', '名古屋大', '愛知', '001406', 3, 3, 'Entry', 0, '2017-05-21 14:46:50.940396', '2017-05-21 14:46:50.940442', 16),
(1511, '6-410', '宮嵜', '仁美', 'ミヤザキ', 'ヒトミ', 'W', '4', '神戸大', '大阪', '001500', 1, 4, 'Entry', 0, '2017-05-21 14:46:50.962039', '2017-05-21 14:46:50.962096', 57),
(1512, '417', '山崎', '恵里佳', 'ヤマサキ', 'エリカ', 'W', '4', '金城学院大', '愛知', '001590', 1, 5, 'Entry', 0, '2017-05-21 14:46:50.978575', '2017-05-21 14:46:50.978630', 57),
(1513, '423', '桐木', '文咲', 'キリキ', 'アヤサ', 'W', '2', '愛知淑徳大', '愛知', '045185', 1, 1, 'Entry', 0, '2017-05-21 14:46:50.998968', '2017-05-21 14:46:50.999016', 32),
(1514, '415', '寺澤', '彩夏', 'テラサワ', 'アヤカ', 'W', '4', '愛知淑徳大', '愛知', '050000', 1, 2, 'Entry', 0, '2017-05-21 14:46:51.023185', '2017-05-21 14:46:51.023263', 32),
(1515, '419', '金尾', '南実', 'カナオ', 'ミナミ', 'W', '3', '椙山女学園大', '愛知', '050000', 1, 3, 'Entry', 0, '2017-05-21 14:46:51.042500', '2017-05-21 14:46:51.042545', 32),
(1516, '426', '山下', '南帆', 'ヤマシタ', 'ナホ', 'W', '2', '愛知淑徳大', '愛知', '050416', 1, 4, 'Entry', 0, '2017-05-21 14:46:51.061314', '2017-05-21 14:46:51.061366', 32),
(1517, '416', '三輪', '奈津美', 'ミワ', 'ナツミ', 'W', '4', '椙山女学園大', '愛知', '051000', 1, 5, 'Entry', 0, '2017-05-21 14:46:51.082710', '2017-05-21 14:46:51.082788', 32),
(1518, '605', '坂口', '美佳', 'サカグチ', 'ミカ', 'W', '3', '大阪大', '大阪', '000000', 1, 4, 'Entry', 0, '2017-05-21 14:46:51.106540', '2017-05-21 14:46:51.106696', 21),
(1519, '412', '河辺', '真知子', 'カワベ', 'マチコ', 'W', '4', '椙山女学園大', '愛知', '002599', 1, 5, 'Entry', 0, '2017-05-21 14:46:51.127343', '2017-05-21 14:46:51.127396', 21),
(1520, '414', '高野', '文菜', 'タカノ', 'フミナ', 'W', '4', '愛知淑徳大', '愛知', '002650', -100, 3, 'Entry', 0, '2017-05-21 14:46:51.144712', '2017-05-21 14:46:51.144755', 21),
(1521, '417', '山崎', '恵里佳', 'ヤマサキ', 'エリカ', 'W', '4', '金城学院大', '愛知', '002700', 1, 3, 'Entry', 0, '2017-05-21 14:46:51.163847', '2017-05-21 14:46:51.163896', 21),
(1522, '420', '水野', '萌果', 'ミズノ', 'モカ', 'W', '3', '椙山女学園大', '愛知', '002700', 1, 6, 'Entry', 0, '2017-05-21 14:46:51.184266', '2017-05-21 14:46:51.184313', 21),
(1523, '6-203', '後藤', '加奈', 'ゴトウ', 'カナ', 'W', '2', '京都大', '大阪', '002740', 1, 2, 'Entry', 0, '2017-05-21 14:46:51.205149', '2017-05-21 14:46:51.205231', 21),
(1524, '421', '宮崎', '玲菜', 'ミヤザキ', 'レイナ', 'W', '3', '椙山女学園大', '愛知', '002801', 1, 7, 'Entry', 0, '2017-05-21 14:46:51.225306', '2017-05-21 14:46:51.225348', 21),
(1525, '413', '熊谷', 'エミリ', 'クマガイ', 'エミリ', 'W', '4', '名古屋市立大', '愛知', '002818', 1, 1, 'Entry', 0, '2017-05-21 14:46:51.244469', '2017-05-21 14:46:51.244518', 21),
(1526, '424', '澤田', '萌乃', 'サワダ', 'モエノ', 'W', '2', '愛知淑徳大', '愛知', '002863', 1, 8, 'Entry', 0, '2017-05-21 14:46:51.262596', '2017-05-21 14:46:51.262639', 21),
(1527, '416', '三輪', '奈津美', 'ミワ', 'ナツミ', 'W', '4', '椙山女学園大', '愛知', '111000', 1, 1, 'Entry', 0, '2017-05-21 14:46:51.280431', '2017-05-21 14:46:51.280474', 69),
(1528, '427', '山中', '今日香', 'ヤマナカ', 'キョウカ', 'W', '2', '椙山女学園大', '愛知', '005800', 1, 4, 'Entry', 0, '2017-05-21 14:46:51.300605', '2017-05-21 14:46:51.300647', 25),
(1529, '412', '河辺', '真知子', 'カワベ', 'マチコ', 'W', '4', '椙山女学園大', '愛知', '005899', 1, 5, 'Entry', 0, '2017-05-21 14:46:51.320469', '2017-05-21 14:46:51.320525', 25),
(1530, '6-203', '後藤', '加奈', 'ゴトウ', 'カナ', 'W', '2', '京都大', '大阪', '010200', 1, 3, 'Entry', 0, '2017-05-21 14:46:51.338953', '2017-05-21 14:46:51.338997', 25),
(1531, '6-846', '小田原', 'かれん', 'オダハラ', 'カレン', 'W', '2', '大阪市立大', '大阪', '010200', 1, 6, 'Entry', 0, '2017-05-21 14:46:51.356876', '2017-05-21 14:46:51.356918', 25),
(1532, '421', '宮崎', '玲菜', 'ミヤザキ', 'レイナ', 'W', '3', '椙山女学園大', '愛知', '010242', 1, 2, 'Entry', 0, '2017-05-21 14:46:51.374783', '2017-05-21 14:46:51.374831', 25),
(1533, '6-844', '小田', '弥生', 'オダ', 'ヤヨイ', 'W', '3', '大阪市立大', '大阪', '010500', 1, 7, 'Entry', 0, '2017-05-21 14:46:51.393695', '2017-05-21 14:46:51.393741', 25),
(1534, '428', '川邉', 'のぞみ', 'カワベ', 'ノゾミ', 'W', '1', '名古屋大', '岐阜', '000000', 1, 1, 'Entry', 0, '2017-05-21 14:46:51.410828', '2017-05-21 14:46:51.410875', 58),
(1535, '6-845', '浅野', '眞代', 'アサノ', 'マヨ', 'W', '2', '大阪市立大', '京都', '243000', 1, 2, 'Entry', 0, '2017-05-21 14:46:51.429486', '2017-05-21 14:46:51.429532', 58),
(1536, '425', '中川', '晴子', 'ナカガワ', 'ハルコ', 'W', '2', '名古屋大', '愛知', '255000', 1, 3, 'Entry', 0, '2017-05-21 14:46:51.446935', '2017-05-21 14:46:51.446980', 58),
(1537, '422', '浅野', '奈穂', 'アサノ', 'ナホ', 'W', '2', '金城学院大', '愛知', '295600', 1, 4, 'Entry', 0, '2017-05-21 14:46:51.465507', '2017-05-21 14:46:51.465554', 58),
(1538, '617', '田川', '朋佳', 'タガワ', 'トモカ', 'W', '1', '大阪大', '大阪', '000000', 1, 3, 'Entry', 0, '2017-05-21 14:46:51.483416', '2017-05-21 14:46:51.483462', 30),
(1539, '6-843', '秋山', '美彩', 'アキヤマ', 'ミサ', 'W', '3', '大阪市立大', '大阪', '022700', 1, 4, 'Entry', 0, '2017-05-21 14:46:51.501554', '2017-05-21 14:46:51.501602', 30),
(1540, '6-418', '甲斐', '麻華', 'カイ', 'アサカ', 'W', '2', '神戸大', '兵庫', '022800', 1, 6, 'Entry', 0, '2017-05-21 14:46:51.519560', '2017-05-21 14:46:51.519608', 30),
(1541, '415', '寺澤', '彩夏', 'テラサワ', 'アヤカ', 'W', '4', '愛知淑徳大', '愛知', '022800', 1, 5, 'Entry', 0, '2017-05-21 14:46:51.537734', '2017-05-21 14:46:51.537779', 30),
(1542, '419', '金尾', '南実', 'カナオ', 'ミナミ', 'W', '3', '椙山女学園大', '愛知', '023000', 1, 7, 'Entry', 0, '2017-05-21 14:46:51.555380', '2017-05-21 14:46:51.555426', 30),
(1543, '6-199', '横山', '優花', 'ヨコヤマ', 'ユウカ', 'W', '3', '京都大', '奈良', '002922', 1, 1, 'Entry', 0, '2017-05-21 14:47:02.593445', '2017-05-21 14:47:02.593489', 66),
(1544, '6-193', '宮崎', '伶菜', 'ミヤザキ', 'レイナ', 'W', 'M2', '京都大', '三重', '002000', 1, 1, 'Entry', 0, '2017-05-21 14:47:02.612622', '2017-05-21 14:47:02.612686', 67),
(1545, '430', '山口', '葉菜', 'ヤマグチ', 'ハナ', 'W', '1', '愛知淑徳大', '愛知', '003300', 1, 2, 'Entry', 0, '2017-05-21 14:47:02.635139', '2017-05-21 14:47:02.635305', 67),
(1546, '403', '磯貝', '萌々子', 'イソガイ', 'モモコ', 'W', '2', '名古屋大', '愛知', '003600', 1, 3, 'Entry', 0, '2017-05-21 14:47:02.654429', '2017-05-21 14:47:02.654484', 67),
(1547, '604', '神代', '結', 'クマシロ', 'ユウ', 'W', '3', '大阪大', '大阪', '004982', 1, 4, 'Entry', 0, '2017-05-21 14:47:02.673030', '2017-05-21 14:47:02.673148', 67),
(1548, '429', '手島', '萌乃', 'テシマ', 'モエノ', 'W', '1', '椙山女学園大', '愛知', '002850', 1, 1, 'Entry', 0, '2017-05-21 14:47:02.692824', '2017-05-21 14:47:02.692869', 65),
(1549, '411', '河内', '慶子', 'カワチ', 'ケイコ', 'W', '4', '名古屋大', '愛知', '002900', 1, 2, 'Entry', 0, '2017-05-21 14:47:02.710206', '2017-05-21 14:47:02.710248', 65),
(1550, '615', '福田', '早紀', 'フクダ', 'サキ', 'W', '1', '大阪大', '大阪', '000000', 1, 1, 'Entry', 0, '2017-05-21 14:47:02.728321', '2017-05-21 14:47:02.728366', 60),
(1551, '6-410', '宮嵜', '仁美', 'ミヤザキ', 'ヒトミ', 'W', '4', '神戸大', '大阪', '000470', 1, 2, 'Entry', 0, '2017-05-21 14:47:02.747354', '2017-05-21 14:47:02.747397', 62),
(1552, '6-193', '宮崎', '伶菜', 'ミヤザキ', 'レイナ', 'W', 'M2', '京都大', '三重', '000480', 1, 3, 'Entry', 0, '2017-05-21 14:47:02.765641', '2017-05-21 14:47:02.765688', 62),
(1553, '6-847', '田島', '実', 'タジマ', 'ミノリ', 'W', '2', '大阪市立大', '大阪', '000482', 1, 4, 'Entry', 0, '2017-05-21 14:47:02.783920', '2017-05-21 14:47:02.783967', 62),
(1554, '6-199', '横山', '優花', 'ヨコヤマ', 'ユウカ', 'W', '3', '京都大', '奈良', '001017', 1, 2, 'Entry', 0, '2017-05-21 14:47:02.802132', '2017-05-21 14:47:02.802188', 64),
(1555, '6-204', '福井', '優輝', 'フクイ', 'ユキ', 'W', '2', '京都大', '大阪', '000821', 1, 1, 'Entry', 0, '2017-05-21 14:47:02.819662', '2017-05-21 14:47:02.819704', 64);

--
-- Indexes for dumped tables
--

--
-- Indexes for table `auth_group`
--
ALTER TABLE `auth_group`
  ADD PRIMARY KEY (`id`),
  ADD UNIQUE KEY `name` (`name`);

--
-- Indexes for table `auth_group_permissions`
--
ALTER TABLE `auth_group_permissions`
  ADD PRIMARY KEY (`id`),
  ADD UNIQUE KEY `auth_group_permissions_group_id_0cd325b0_uniq` (`group_id`,`permission_id`),
  ADD KEY `auth_group_permissi_permission_id_84c5c92e_fk_auth_permission_id` (`permission_id`);

--
-- Indexes for table `auth_permission`
--
ALTER TABLE `auth_permission`
  ADD PRIMARY KEY (`id`),
  ADD UNIQUE KEY `auth_permission_content_type_id_01ab375a_uniq` (`content_type_id`,`codename`);

--
-- Indexes for table `auth_user`
--
ALTER TABLE `auth_user`
  ADD PRIMARY KEY (`id`),
  ADD UNIQUE KEY `username` (`username`);

--
-- Indexes for table `auth_user_groups`
--
ALTER TABLE `auth_user_groups`
  ADD PRIMARY KEY (`id`),
  ADD UNIQUE KEY `auth_user_groups_user_id_94350c0c_uniq` (`user_id`,`group_id`),
  ADD KEY `auth_user_groups_group_id_97559544_fk_auth_group_id` (`group_id`);

--
-- Indexes for table `auth_user_user_permissions`
--
ALTER TABLE `auth_user_user_permissions`
  ADD PRIMARY KEY (`id`),
  ADD UNIQUE KEY `auth_user_user_permissions_user_id_14a6b632_uniq` (`user_id`,`permission_id`),
  ADD KEY `auth_user_user_perm_permission_id_1fbb5f2c_fk_auth_permission_id` (`permission_id`);

--
-- Indexes for table `competitions_comp`
--
ALTER TABLE `competitions_comp`
  ADD PRIMARY KEY (`code`);

--
-- Indexes for table `competitions_event`
--
ALTER TABLE `competitions_event`
  ADD PRIMARY KEY (`id`),
  ADD UNIQUE KEY `competitions_event_name_464397df_uniq` (`name`,`sex`);

--
-- Indexes for table `competitions_eventstatus`
--
ALTER TABLE `competitions_eventstatus`
  ADD PRIMARY KEY (`id`),
  ADD UNIQUE KEY `competitions_eventstatus_comp_id_d46212fa_uniq` (`comp_id`,`event_id`,`section`,`match_round`),
  ADD KEY `competitions_eventsta_event_id_c776e7a2_fk_competitions_event_id` (`event_id`),
  ADD KEY `competitions_eventstatus_b0f01442` (`comp_id`);

--
-- Indexes for table `competitions_gr`
--
ALTER TABLE `competitions_gr`
  ADD PRIMARY KEY (`id`),
  ADD UNIQUE KEY `competitions_gr_comp_id_20af3e5c_uniq` (`comp_id`,`event_id`),
  ADD KEY `competitions_gr_event_id_cb920431_fk_competitions_event_id` (`event_id`);

--
-- Indexes for table `django_admin_log`
--
ALTER TABLE `django_admin_log`
  ADD PRIMARY KEY (`id`),
  ADD KEY `django_admin__content_type_id_c4bce8eb_fk_django_content_type_id` (`content_type_id`),
  ADD KEY `django_admin_log_user_id_c564eba6_fk_auth_user_id` (`user_id`);

--
-- Indexes for table `django_content_type`
--
ALTER TABLE `django_content_type`
  ADD PRIMARY KEY (`id`),
  ADD UNIQUE KEY `django_content_type_app_label_76bd3d3b_uniq` (`app_label`,`model`);

--
-- Indexes for table `django_migrations`
--
ALTER TABLE `django_migrations`
  ADD PRIMARY KEY (`id`);

--
-- Indexes for table `django_session`
--
ALTER TABLE `django_session`
  ADD PRIMARY KEY (`session_key`),
  ADD KEY `django_session_de54fa62` (`expire_date`);

--
-- Indexes for table `organizer_entry`
--
ALTER TABLE `organizer_entry`
  ADD PRIMARY KEY (`id`),
  ADD UNIQUE KEY `organizer_entry_event_status_id_a3defa94_uniq` (`event_status_id`,`bib`);

--
-- AUTO_INCREMENT for dumped tables
--

--
-- AUTO_INCREMENT for table `auth_group`
--
ALTER TABLE `auth_group`
  MODIFY `id` int(11) NOT NULL AUTO_INCREMENT, AUTO_INCREMENT=4;
--
-- AUTO_INCREMENT for table `auth_group_permissions`
--
ALTER TABLE `auth_group_permissions`
  MODIFY `id` int(11) NOT NULL AUTO_INCREMENT, AUTO_INCREMENT=27;
--
-- AUTO_INCREMENT for table `auth_permission`
--
ALTER TABLE `auth_permission`
  MODIFY `id` int(11) NOT NULL AUTO_INCREMENT, AUTO_INCREMENT=34;
--
-- AUTO_INCREMENT for table `auth_user`
--
ALTER TABLE `auth_user`
  MODIFY `id` int(11) NOT NULL AUTO_INCREMENT, AUTO_INCREMENT=4;
--
-- AUTO_INCREMENT for table `auth_user_groups`
--
ALTER TABLE `auth_user_groups`
  MODIFY `id` int(11) NOT NULL AUTO_INCREMENT, AUTO_INCREMENT=5;
--
-- AUTO_INCREMENT for table `auth_user_user_permissions`
--
ALTER TABLE `auth_user_user_permissions`
  MODIFY `id` int(11) NOT NULL AUTO_INCREMENT;
--
-- AUTO_INCREMENT for table `competitions_event`
--
ALTER TABLE `competitions_event`
  MODIFY `id` int(11) NOT NULL AUTO_INCREMENT, AUTO_INCREMENT=34;
--
-- AUTO_INCREMENT for table `competitions_eventstatus`
--
ALTER TABLE `competitions_eventstatus`
  MODIFY `id` int(11) NOT NULL AUTO_INCREMENT, AUTO_INCREMENT=70;
--
-- AUTO_INCREMENT for table `competitions_gr`
--
ALTER TABLE `competitions_gr`
  MODIFY `id` int(11) NOT NULL AUTO_INCREMENT, AUTO_INCREMENT=25;
--
-- AUTO_INCREMENT for table `django_admin_log`
--
ALTER TABLE `django_admin_log`
  MODIFY `id` int(11) NOT NULL AUTO_INCREMENT, AUTO_INCREMENT=639;
--
-- AUTO_INCREMENT for table `django_content_type`
--
ALTER TABLE `django_content_type`
  MODIFY `id` int(11) NOT NULL AUTO_INCREMENT, AUTO_INCREMENT=12;
--
-- AUTO_INCREMENT for table `django_migrations`
--
ALTER TABLE `django_migrations`
  MODIFY `id` int(11) NOT NULL AUTO_INCREMENT, AUTO_INCREMENT=24;
--
-- AUTO_INCREMENT for table `organizer_entry`
--
ALTER TABLE `organizer_entry`
  MODIFY `id` int(11) NOT NULL AUTO_INCREMENT, AUTO_INCREMENT=1608;
--
-- ダンプしたテーブルの制約
--

--
-- テーブルの制約 `auth_group_permissions`
--
ALTER TABLE `auth_group_permissions`
  ADD CONSTRAINT `auth_group_permissi_permission_id_84c5c92e_fk_auth_permission_id` FOREIGN KEY (`permission_id`) REFERENCES `auth_permission` (`id`),
  ADD CONSTRAINT `auth_group_permissions_group_id_b120cbf9_fk_auth_group_id` FOREIGN KEY (`group_id`) REFERENCES `auth_group` (`id`);

--
-- テーブルの制約 `auth_permission`
--
ALTER TABLE `auth_permission`
  ADD CONSTRAINT `auth_permissi_content_type_id_2f476e4b_fk_django_content_type_id` FOREIGN KEY (`content_type_id`) REFERENCES `django_content_type` (`id`);

--
-- テーブルの制約 `auth_user_groups`
--
ALTER TABLE `auth_user_groups`
  ADD CONSTRAINT `auth_user_groups_group_id_97559544_fk_auth_group_id` FOREIGN KEY (`group_id`) REFERENCES `auth_group` (`id`),
  ADD CONSTRAINT `auth_user_groups_user_id_6a12ed8b_fk_auth_user_id` FOREIGN KEY (`user_id`) REFERENCES `auth_user` (`id`);

--
-- テーブルの制約 `auth_user_user_permissions`
--
ALTER TABLE `auth_user_user_permissions`
  ADD CONSTRAINT `auth_user_user_perm_permission_id_1fbb5f2c_fk_auth_permission_id` FOREIGN KEY (`permission_id`) REFERENCES `auth_permission` (`id`),
  ADD CONSTRAINT `auth_user_user_permissions_user_id_a95ead1b_fk_auth_user_id` FOREIGN KEY (`user_id`) REFERENCES `auth_user` (`id`);

--
-- テーブルの制約 `competitions_eventstatus`
--
ALTER TABLE `competitions_eventstatus`
  ADD CONSTRAINT `competitions_eventsta_comp_id_e54d6788_fk_competitions_comp_code` FOREIGN KEY (`comp_id`) REFERENCES `competitions_comp` (`code`),
  ADD CONSTRAINT `competitions_eventsta_event_id_c776e7a2_fk_competitions_event_id` FOREIGN KEY (`event_id`) REFERENCES `competitions_event` (`id`);

--
-- テーブルの制約 `competitions_gr`
--
ALTER TABLE `competitions_gr`
  ADD CONSTRAINT `competitions_gr_comp_id_0dc5cae6_fk_competitions_comp_code` FOREIGN KEY (`comp_id`) REFERENCES `competitions_comp` (`code`),
  ADD CONSTRAINT `competitions_gr_event_id_cb920431_fk_competitions_event_id` FOREIGN KEY (`event_id`) REFERENCES `competitions_event` (`id`);

--
-- テーブルの制約 `django_admin_log`
--
ALTER TABLE `django_admin_log`
  ADD CONSTRAINT `django_admin__content_type_id_c4bce8eb_fk_django_content_type_id` FOREIGN KEY (`content_type_id`) REFERENCES `django_content_type` (`id`),
  ADD CONSTRAINT `django_admin_log_user_id_c564eba6_fk_auth_user_id` FOREIGN KEY (`user_id`) REFERENCES `auth_user` (`id`);

--
-- テーブルの制約 `organizer_entry`
--
ALTER TABLE `organizer_entry`
  ADD CONSTRAINT `organize_event_status_id_c5a2a568_fk_competitions_eventstatus_id` FOREIGN KEY (`event_status_id`) REFERENCES `competitions_eventstatus` (`id`);

/*!40101 SET CHARACTER_SET_CLIENT=@OLD_CHARACTER_SET_CLIENT */;
/*!40101 SET CHARACTER_SET_RESULTS=@OLD_CHARACTER_SET_RESULTS */;
/*!40101 SET COLLATION_CONNECTION=@OLD_COLLATION_CONNECTION */;
